date_order,sku,product_name,asin,marketplace,seller_country,customer_order_id,purchase_order,quantity,vkp2_price,seller_total_usd,status,customer_name,customer_email,customer_phone,invoice,magaya_wr,carrier,tracking_number,marketplace_purchase_confirmed,marketplace_purchase_confirmed_at,shipment_status,estimated_delivery,actual_delivery_date,wr_date,eta,di_date,entry_cd_date,delivery_client_date,origin_hub,destination,databricks_sync_time,cancellation_reason,cancellation_updated_at,events_text,customer_cpf,etd,billing_date
2026-05-17,225-139,MOTION LABS CÂMERA DE AÇÃO 4K COM ESTABILIZAÇÃO E ACESSÓRIOS,B07KEBPS7D,Amazon,USA,900004524,AKDN-80156,2,683.25,143.54,Cancelled,Sofia Henrique Moreira,isabelakalidossame@gmail.com,(00) 00000-0000,,,,,false,,Cancelled,,,,,,,,USA,Goiânia - GO,2026-09-04 09:00:00,Produto indisponível,2026-09-10 17:33:35,,000.000.000-00,,
2026-08-26,227-162,VISTA DIGITAL MONITOR LED 24 POLEGADAS FULL HD COM AJUSTE DE INCLINAÇÃO,B0K98U4AVS,Target,USA,900007975,AKDN-80275,1,156.13,32.8,Shipped,Rafael Neves Andrade,isabelakalidossame@gmail.com,(00) 00000-0000,NX-041290-26,RCPT-073290,Global Parcel Demo,DEMO00027601,true,2026-09-09 19:50:53,At Distribution Center,2026-09-03,,2026-09-02,2026-09-03,,2026-09-08,,USA,Rio de Janeiro - RJ,2026-09-04 09:00:00,,,2026-09-03T00:00:00+00:00 | In Transit | Destination hub | Synthetic arrival at destination hub. / 2026-09-03T00:00:00+00:00 | In Transit | Origin hub | Synthetic international dispatch. / 2026-09-02T00:00:00+00:00 | Preparing | Warehouse | Synthetic warehouse receipt.,000.000.000-00,2026-08-31,
2026-01-17,222-742,VISTA DIGITAL MONITOR LED 24 POLEGADAS FULL HD COM AJUSTE DE INCLINAÇÃO,B0ZCTJ5NHA,Walmart,USA,900000435,AKDN-80015,2,181.89,39.2,Cancelled,Rafael Almeida Campos,isabelakalidossame@gmail.com,(00) 00000-0000,NX-041030-26,RCPT-073030,UPS Demo,DEMO00001601,false,,Cancelled,2026-01-28,,2026-01-23,2026-01-28,,,,USA,São Paulo - SP,2026-09-04 09:00:00,Compra não aprovada,2026-09-05 01:51:29,2026-01-28T00:00:00+00:00 | In Transit | Destination hub | Synthetic arrival at destination hub. / 2026-01-24T00:00:00+00:00 | In Transit | Origin hub | Synthetic international dispatch. / 2026-01-23T00:00:00+00:00 | Preparing | Warehouse | Synthetic warehouse receipt.,000.000.000-00,,
2026-09-04,WERTHYF,Produto teste,B0212345,Amazon (EUA),EUA,ORD-2026-9995,ORD-2026-9995,1,199,99,Cancelled,isa,isabelakalidossame@gmail.com,(00) 00000-0000,,,Amazon Logistics / Databricks Delta Hub,TRK-DB-637088709US,false,,Cancelled,2026-09-07,,,,,,,EUA,Belo Horizonte - MG,2026-09-04 23:47:10,Cancelado pelo cliente,2026-09-05 01:40:33,,000.000.000-00,,
2026-06-20,225-819,MOTION LABS CÂMERA DE AÇÃO 4K COM ESTABILIZAÇÃO E ACESSÓRIOS,B0NSKWYQKW,eBay,USA,900005684,AKDN-80196,1,391.3,86.57,Cancelled,Sofia Jardim Ribeiro,isabelakalidossame@gmail.com,(00) 00000-0000,,,,,false,,Cancelled,,,,,,,,USA,Recife - PE,2026-09-04 09:00:00,Produto indisponível,2026-09-05 00:01:50,,000.000.000-00,,
2026-09-02,227-298,SOLARIS HOME FRITADEIRA ELÉTRICA SEM ÓLEO DIGITAL COM CAPACIDADE DE 4 LITROS,B0V49R536G,Amazon,USA,900008207,AKDN-80283,1,174.51,35.76,Cancelled,Daniel Oliveira Bastos,isabelakalidossame@gmail.com,(00) 00000-0000,,,,,false,,Cancelled,,,,,,,,USA,Manaus - AM,2026-09-04 09:00:00,Preço alterado no marketplace,2026-09-04 23:45:48,,000.000.000-00,,
2026-09-03,227-315,ZENITH HOME ASPIRADOR ROBÔ INTELIGENTE COM MAPEAMENTO E BASE CARREGADORA,B0W3VZNEKP,Amazon,USA,900008236,AKDN-80284,1,180.65,36.13,Cancelled,Elisa Oliveira Bastos,isabelakalidossame@gmail.com,(00) 00000-0000,,,,,false,,Cancelled,,,,,,,,USA,Brasília - DF,2026-09-04 09:00:00,Compra não aprovada,2026-09-04 23:45:48,,000.000.000-00,,
2026-08-10,226-839,MOTION LABS CÂMERA DE AÇÃO 4K COM ESTABILIZAÇÃO E ACESSÓRIOS,B0VMAAFN4Q,eBay,USA,900007424,AKDN-80256,1,128.85,25.77,Cancelled,Sofia Macedo Rocha,isabelakalidossame@gmail.com,(00) 00000-0000,,,,,false,,Cancelled,,,,,,,,USA,Salvador - BA,2026-09-04 09:00:00,teste,2026-09-04 23:45:20,,000.000.000-00,,
2026-06-03,225-479,MOTION LABS CÂMERA DE AÇÃO 4K COM ESTABILIZAÇÃO E ACESSÓRIOS,B0X7Z5URDN,Amazon,USA,900005104,AKDN-80176,1,367.35,79.17,Cancelled,Sofia Ibrahim Costa,isabelakalidossame@gmail.com,(00) 00000-0000,,,,,true,2026-09-04 17:47:58,Cancelled,,,,,,,,USA,São Paulo - SP,2026-09-04 09:00:00,Produto indisponível,,,000.000.000-00,,
2026-04-30,224-799,MOTION LABS CÂMERA DE AÇÃO 4K COM ESTABILIZAÇÃO E ACESSÓRIOS,B0FYUJJTZ5,eBay,USA,900003944,AKDN-80136,1,314.13,64.37,Pending,Sofia Gomes Tavares,isabelakalidossame@gmail.com,(00) 00000-0000,,,,,true,2026-09-04 17:47:58,Preparing,,,2026-05-03,,,,,USA,Goiânia - GO,2026-09-04 09:00:00,,,,000.000.000-00,,
2026-07-24,226-499,MOTION LABS CÂMERA DE AÇÃO 4K COM ESTABILIZAÇÃO E ACESSÓRIOS,B05ZPHAPXG,Amazon,USA,900006844,AKDN-80236,1,94.05,18.37,Pending,Sofia Lopes Azevedo,isabelakalidossame@gmail.com,(00) 00000-0000,,,,,true,2026-09-04 17:21:27,Preparing,,,2026-07-27,,,,,USA,Curitiba - PR,2026-09-04 09:00:00,,,,000.000.000-00,,
2026-04-13,224-459,MOTION LABS CÂMERA DE AÇÃO 4K COM ESTABILIZAÇÃO E ACESSÓRIOS,B0QDARDUTU,Amazon,USA,900003364,AKDN-80116,1,284.85,56.97,Cancelled,Sofia Ferreira Prado,isabelakalidossame@gmail.com,(00) 00000-0000,,,,,true,2026-09-04 16:34:20,Cancelled,,,,,,,,USA,Curitiba - PR,2026-09-04 09:00:00,Cancelado pelo cliente,,,000.000.000-00,,
2026-03-27,224-119,MOTION LABS CÂMERA DE AÇÃO 4K COM ESTABILIZAÇÃO E ACESSÓRIOS,B0YRQX8VML,Amazon,USA,900002784,AKDN-80096,2,507.6,99.14,Cancelled,Sofia Esteves Moraes,isabelakalidossame@gmail.com,(00) 00000-0000,,,,,true,2026-09-04 16:34:20,Cancelled,,,,,,,,USA,Salvador - BA,2026-09-04 09:00:00,Produto indisponível,,,000.000.000-00,,
2026-03-10,223-779,MOTION LABS CÂMERA DE AÇÃO 4K COM ESTABILIZAÇÃO E ACESSÓRIOS,B096664WGB,eBay,USA,900002204,AKDN-80076,1,185.55,42.17,Cancelled,Sofia Duarte Nogueira,isabelakalidossame@gmail.com,(00) 00000-0000,,,,,true,2026-09-04 16:34:20,Cancelled,,,,,,,,USA,Manaus - AM,2026-09-04 09:00:00,Preço alterado no marketplace,,,000.000.000-00,,
2026-02-21,223-439,MOTION LABS CÂMERA DE AÇÃO 4K COM ESTABILIZAÇÃO E ACESSÓRIOS,B0HJKCXXA2,Amazon,USA,900001624,AKDN-80056,1,157.16,34.77,Cancelled,Sofia Cardoso Freitas,isabelakalidossame@gmail.com,(00) 00000-0000,,,,,true,2026-09-04 16:34:20,Cancelled,,,,,,,,USA,Rio de Janeiro - RJ,2026-09-04 09:00:00,Compra não aprovada,,,000.000.000-00,,
2026-02-04,223-099,MOTION LABS CÂMERA DE AÇÃO 4K COM ESTABILIZAÇÃO E ACESSÓRIOS,B0SXZKSY4S,Amazon,USA,900001044,AKDN-80036,2,253.99,54.74,Cancelled,Sofia Barbosa Lima,isabelakalidossame@gmail.com,(00) 00000-0000,,,,,true,2026-09-04 16:34:20,Cancelled,,,,,,,,USA,Recife - PE,2026-09-04 09:00:00,Cancelado pelo cliente,,,000.000.000-00,,
2026-01-18,222-759,MOTION LABS CÂMERA DE AÇÃO 4K COM ESTABILIZAÇÃO E ACESSÓRIOS,B02BFSMZWH,eBay,USA,900000464,AKDN-80016,1,95.06,19.97,Cancelled,Sofia Almeida Campos,isabelakalidossame@gmail.com,(00) 00000-0000,,,,,true,2026-09-04 16:34:20,Cancelled,,,,,,,,USA,Goiânia - GO,2026-09-04 09:00:00,Produto indisponível,,,000.000.000-00,,
2026-07-07,226-159,MOTION LABS CÂMERA DE AÇÃO 4K COM ESTABILIZAÇÃO E ACESSÓRIOS,B0EE5Q5QR7,Amazon,USA,900006264,AKDN-80216,2,96.54,21.94,Pending,Sofia Klein Martins,isabelakalidossame@gmail.com,(00) 00000-0000,,,,,true,2026-09-04 16:25:59,Preparing,,,2026-07-10,,,,,USA,Porto Alegre - RS,2026-09-04 09:00:00,,,,000.000.000-00,,
2026-08-30,227-247,VISTA DIGITAL MONITOR LED 24 POLEGADAS FULL HD COM AJUSTE DE INCLINAÇÃO,B0R6C2MZXU,eBay,USA,900008120,AKDN-80280,1,156.62,34.65,Cancelled,Ana Clara Oliveira Bastos,isabelakalidossame@gmail.com,(00) 00000-0000,,RCPT-073295,,,true,2026-09-04 15:27:51,Cancelled,,,2026-09-03,,,,,USA,Fortaleza - CE,2026-09-04 09:00:00,Compra não aprovada,,2026-09-03T00:00:00+00:00 | Preparing | Warehouse | Synthetic warehouse receipt.,000.000.000-00,,
2026-08-27,227-179,MOTION LABS CÂMERA DE AÇÃO 4K COM ESTABILIZAÇÃO E ACESSÓRIOS,B0L8U4LMAZ,Amazon,USA,900008004,AKDN-80276,2,323.74,66.34,Cancelled,Sofia Neves Andrade,isabelakalidossame@gmail.com,(00) 00000-0000,,,,,true,2026-09-04 15:28:22,Cancelled,,,,,,,,USA,Belo Horizonte - MG,2026-09-04 09:00:00,Cancelado pelo cliente,,,000.000.000-00,,
2026-09-01,227-281,NOVAWAVE FONE DE OUVIDO SEM FIO COM CANCELAMENTO DE RUÍDO E ESTOJO,B0T4LJMQRA,Amazon,USA,900008178,AKDN-80282,2,336.91,70.78,Shipped,Camila Oliveira Bastos,isabelakalidossame@gmail.com,(00) 00000-0000,NX-041297-26,RCPT-073297,UPS Demo,DEMO00028301,true,2026-09-01 00:00:00,In Transit,2026-09-03,,2026-09-03,2026-09-03,,,,USA,Curitiba - PR,2026-09-04 09:00:00,,,2026-09-03T00:00:00+00:00 | In Transit | Destination hub | Synthetic arrival at destination hub. / 2026-09-03T00:00:00+00:00 | In Transit | Origin hub | Synthetic international dispatch. / 2026-09-03T00:00:00+00:00 | Preparing | Warehouse | Synthetic warehouse receipt.,000.000.000-00,2026-09-06,
2026-08-25,227-145,ZENITH HOME ASPIRADOR ROBÔ INTELIGENTE COM MAPEAMENTO E BASE CARREGADORA,B0J9LLKWGK,eBay,USA,900007946,AKDN-80274,1,150.48,32.43,Shipped,Paula Neves Andrade,isabelakalidossame@gmail.com,(00) 00000-0000,NX-041289-26,RCPT-073289,FedEx Demo,DEMO00027501,true,2026-08-26 00:00:00,At Distribution Center,2026-09-03,,2026-08-31,2026-09-03,,2026-09-07,,USA,Rio de Janeiro - RJ,2026-09-04 09:00:00,,,2026-09-03T00:00:00+00:00 | In Transit | Destination hub | Synthetic arrival at destination hub. / 2026-09-02T00:00:00+00:00 | In Transit | Origin hub | Synthetic international dispatch. / 2026-08-31T00:00:00+00:00 | Preparing | Warehouse | Synthetic warehouse receipt.,000.000.000-00,2026-08-30,
2026-08-24,227-128,SOLARIS HOME FRITADEIRA ELÉTRICA SEM ÓLEO DIGITAL COM CAPACIDADE DE 4 LITROS,B0HAXD3K3C,Walmart,USA,900007917,AKDN-80273,2,289.82,64.12,Shipped,Otávio Neves Andrade,isabelakalidossame@gmail.com,(00) 00000-0000,NX-041288-26,RCPT-073288,UPS Demo,DEMO00027401,true,2026-08-24 00:00:00,At Distribution Center,2026-09-03,,2026-08-29,2026-09-03,,2026-09-06,,USA,Rio de Janeiro - RJ,2026-09-04 09:00:00,,,2026-09-03T00:00:00+00:00 | In Transit | Destination hub | Synthetic arrival at destination hub. / 2026-08-30T00:00:00+00:00 | In Transit | Origin hub | Synthetic international dispatch. / 2026-08-29T00:00:00+00:00 | Preparing | Warehouse | Synthetic warehouse receipt.,000.000.000-00,2026-08-29,
2026-08-23,227-111,NOVAWAVE FONE DE OUVIDO SEM FIO COM CANCELAMENTO DE RUÍDO E ESTOJO,B0GBB5K8N5,Amazon,USA,900007888,AKDN-80272,1,139.44,31.69,Shipped,Natália Neves Andrade,isabelakalidossame@gmail.com,(00) 00000-0000,NX-041287-26,RCPT-073287,Global Parcel Demo,DEMO00027301,true,2026-08-25 00:00:00,Out for Delivery,2026-09-03,,2026-09-03,2026-09-03,,,,USA,Rio de Janeiro - RJ,2026-09-04 09:00:00,,,2026-09-03T00:00:00+00:00 | In Transit | Destination hub | Synthetic arrival at destination hub. / 2026-09-03T00:00:00+00:00 | In Transit | Origin hub | Synthetic international dispatch. / 2026-09-03T00:00:00+00:00 | Preparing | Warehouse | Synthetic warehouse receipt.,000.000.000-00,2026-08-28,2026-09-06
2026-08-22,227-094,MOTION LABS CÂMERA DE AÇÃO 4K COM ESTABILIZAÇÃO E ACESSÓRIOS,B0EBPV3V9X,Amazon,USA,900007859,AKDN-80271,1,160.36,31.32,Shipped,Mateus Neves Andrade,isabelakalidossame@gmail.com,(00) 00000-0000,NX-041286-26,RCPT-073286,FedEx Demo,DEMO00027201,true,2026-08-23 00:00:00,At Distribution Center,2026-09-03,,2026-09-01,2026-09-03,,2026-09-04,,USA,Fortaleza - CE,2026-09-04 09:00:00,,,2026-09-03T00:00:00+00:00 | In Transit | Destination hub | Synthetic arrival at destination hub. / 2026-09-03T00:00:00+00:00 | In Transit | Origin hub | Synthetic international dispatch. / 2026-09-01T00:00:00+00:00 | Preparing | Warehouse | Synthetic warehouse receipt.,000.000.000-00,2026-08-27,
2026-08-22,227-077,VISTA DIGITAL MONITOR LED 24 POLEGADAS FULL HD COM AJUSTE DE INCLINAÇÃO,B0DC3NJJUQ,Amazon,USA,900007830,AKDN-80270,2,309.5,61.9,Delivered,Larissa Neves Andrade,isabelakalidossame@gmail.com,(00) 00000-0000,NX-041285-26,RCPT-073285,UPS Demo,DEMO00027101,true,2026-08-22 00:00:00,Delivered,2026-09-03,2026-09-03,2026-08-31,2026-09-03,2026-09-03,2026-09-03,2026-09-03,USA,Rio de Janeiro - RJ,2026-09-04 09:00:00,,,2026-09-03T00:00:00+00:00 | Delivered | Customer destination | Synthetic delivery confirmation. / 2026-09-03T00:00:00+00:00 | Out for Delivery | Distribution center | Synthetic distribution-center dispatch. / 2026-09-03T00:00:00+00:00 | In Transit | Destination hub | Synthetic arrival at destination hub. / 2026-09-01T00:00:00+00:00 | In Transit | Origin hub | Synthetic international dispatch. / 2026-08-31T00:00:00+00:00 | Preparing | Warehouse | Synthetic warehouse receipt.,000.000.000-00,2026-08-27,2026-09-05
2026-08-21,227-060,ZENITH HOME ASPIRADOR ROBÔ INTELIGENTE COM MAPEAMENTO E BASE CARREGADORA,B0CCFE27FH,Target,USA,900007801,AKDN-80269,1,149.23,30.58,Delivered,João Miguel Neves Andrade,isabelakalidossame@gmail.com,(00) 00000-0000,NX-041284-26,RCPT-073284,Global Parcel Demo,DEMO00027001,true,2026-08-23 00:00:00,Delivered,2026-09-03,2026-09-03,2026-08-29,2026-09-03,2026-09-03,2026-09-03,2026-09-03,USA,Goiânia - GO,2026-09-04 09:00:00,,,2026-09-03T00:00:00+00:00 | Delivered | Customer destination | Synthetic delivery confirmation. / 2026-09-03T00:00:00+00:00 | Out for Delivery | Distribution center | Synthetic distribution-center dispatch. / 2026-09-03T00:00:00+00:00 | In Transit | Destination hub | Synthetic arrival at destination hub. / 2026-09-01T00:00:00+00:00 | In Transit | Origin hub | Synthetic international dispatch. / 2026-08-29T00:00:00+00:00 | Preparing | Warehouse | Synthetic warehouse receipt.,000.000.000-00,2026-08-26,2026-09-04
2026-08-20,227-043,SOLARIS HOME FRITADEIRA ELÉTRICA SEM ÓLEO DIGITAL COM CAPACIDADE DE 4 LITROS,B0BDT6JT2A,eBay,USA,900007772,AKDN-80268,1,143.8,30.21,Delivered,Isadora Neves Andrade,isabelakalidossame@gmail.com,(00) 00000-0000,NX-041283-26,RCPT-073283,FedEx Demo,DEMO00026901,true,2026-08-21 00:00:00,Delivered,2026-09-03,2026-09-03,2026-08-27,2026-09-03,2026-09-03,2026-09-03,2026-09-03,USA,Salvador - BA,2026-09-04 09:00:00,,,2026-09-03T00:00:00+00:00 | Delivered | Customer destination | Synthetic delivery confirmation. / 2026-09-03T00:00:00+00:00 | Out for Delivery | Distribution center | Synthetic distribution-center dispatch. / 2026-09-03T00:00:00+00:00 | In Transit | Destination hub | Synthetic arrival at destination hub. / 2026-08-29T00:00:00+00:00 | In Transit | Origin hub | Synthetic international dispatch. / 2026-08-27T00:00:00+00:00 | Preparing | Warehouse | Synthetic warehouse receipt.,000.000.000-00,2026-08-25,2026-09-03
2026-08-19,227-026,NOVAWAVE FONE DE OUVIDO SEM FIO COM CANCELAMENTO DE RUÍDO E ESTOJO,B0AE7X2GL3,Walmart,USA,900007743,AKDN-80267,2,276.92,59.68,Delivered,Heitor Neves Andrade,isabelakalidossame@gmail.com,(00) 00000-0000,NX-041282-26,RCPT-073282,UPS Demo,DEMO00026801,true,2026-08-19 00:00:00,Delivered,2026-09-01,2026-09-03,2026-08-25,2026-09-01,2026-09-02,2026-09-03,2026-09-03,USA,Recife - PE,2026-09-04 09:00:00,,,2026-09-03T00:00:00+00:00 | Delivered | Customer destination | Synthetic delivery confirmation. / 2026-09-03T00:00:00+00:00 | Out for Delivery | Distribution center | Synthetic distribution-center dispatch. / 2026-09-01T00:00:00+00:00 | In Transit | Destination hub | Synthetic arrival at destination hub. / 2026-08-26T00:00:00+00:00 | In Transit | Origin hub | Synthetic international dispatch. / 2026-08-25T00:00:00+00:00 | Preparing | Warehouse | Synthetic warehouse receipt.,000.000.000-00,2026-08-24,2026-09-02
2026-08-18,227-009,MOTION LABS CÂMERA DE AÇÃO 4K COM ESTABILIZAÇÃO E ACESSÓRIOS,B09EKPH57U,Amazon,USA,900007714,AKDN-80266,1,133.2,29.47,Delivered,Gabriela Neves Andrade,isabelakalidossame@gmail.com,(00) 00000-0000,NX-041281-26,RCPT-073281,Global Parcel Demo,DEMO00026701,true,2026-08-20 00:00:00,Delivered,2026-08-31,2026-09-03,2026-08-23,2026-08-31,2026-09-03,2026-09-03,2026-09-03,USA,Porto Alegre - RS,2026-09-04 09:00:00,,,2026-09-03T00:00:00+00:00 | Delivered | Customer destination | Synthetic delivery confirmation. / 2026-09-03T00:00:00+00:00 | Out for Delivery | Distribution center | Synthetic distribution-center dispatch. / 2026-08-31T00:00:00+00:00 | In Transit | Destination hub | Synthetic arrival at destination hub. / 2026-08-26T00:00:00+00:00 | In Transit | Origin hub | Synthetic international dispatch. / 2026-08-23T00:00:00+00:00 | Preparing | Warehouse | Synthetic warehouse receipt.,000.000.000-00,2026-08-23,2026-09-01
2026-08-17,226-992,VISTA DIGITAL MONITOR LED 24 POLEGADAS FULL HD COM AJUSTE DE INCLINAÇÃO,B07FXFZSSN,Amazon,USA,900007685,AKDN-80265,1,128.04,29.1,Delivered,Felipe Neves Andrade,isabelakalidossame@gmail.com,(00) 00000-0000,NX-041280-26,RCPT-073280,FedEx Demo,DEMO00026601,true,2026-08-18 00:00:00,Delivered,2026-09-03,2026-09-03,2026-08-28,2026-09-03,2026-09-03,2026-09-03,2026-09-03,USA,Porto Alegre - RS,2026-09-04 09:00:00,,,2026-09-03T00:00:00+00:00 | Delivered | Customer destination | Synthetic delivery confirmation. / 2026-09-03T00:00:00+00:00 | Out for Delivery | Distribution center | Synthetic distribution-center dispatch. / 2026-09-03T00:00:00+00:00 | In Transit | Destination hub | Synthetic arrival at destination hub. / 2026-08-30T00:00:00+00:00 | In Transit | Origin hub | Synthetic international dispatch. / 2026-08-28T00:00:00+00:00 | Preparing | Warehouse | Synthetic warehouse receipt.,000.000.000-00,2026-08-22,2026-08-31
2026-08-17,226-975,ZENITH HOME ASPIRADOR ROBÔ INTELIGENTE COM MAPEAMENTO E BASE CARREGADORA,B06GA8HFDF,Amazon,USA,900007656,AKDN-80264,2,294.2,57.46,Delivered,Elisa Neves Andrade,isabelakalidossame@gmail.com,(00) 00000-0000,NX-041279-26,RCPT-073279,UPS Demo,DEMO00026501,true,2026-08-17 00:00:00,Delivered,2026-09-03,2026-09-03,2026-08-27,2026-09-03,2026-09-03,2026-09-03,2026-09-03,USA,São Paulo - SP,2026-09-04 09:00:00,,,2026-09-03T00:00:00+00:00 | Delivered | Customer destination | Synthetic delivery confirmation. / 2026-09-03T00:00:00+00:00 | Out for Delivery | Distribution center | Synthetic distribution-center dispatch. / 2026-09-03T00:00:00+00:00 | In Transit | Destination hub | Synthetic arrival at destination hub. / 2026-08-28T00:00:00+00:00 | In Transit | Origin hub | Synthetic international dispatch. / 2026-08-27T00:00:00+00:00 | Preparing | Warehouse | Synthetic warehouse receipt.,000.000.000-00,2026-08-22,2026-08-31
2026-08-16,226-958,SOLARIS HOME FRITADEIRA ELÉTRICA SEM ÓLEO DIGITAL COM CAPACIDADE DE 4 LITROS,B05GNYZ4Y8,Target,USA,900007627,AKDN-80263,1,141.8,28.36,Delivered,Daniel Neves Andrade,isabelakalidossame@gmail.com,(00) 00000-0000,NX-041278-26,RCPT-073278,Global Parcel Demo,DEMO00026401,true,2026-08-18 00:00:00,Delivered,2026-09-03,2026-09-03,2026-08-25,2026-09-03,2026-09-03,2026-09-03,2026-09-03,USA,São Paulo - SP,2026-09-04 09:00:00,,,2026-09-03T00:00:00+00:00 | Delivered | Customer destination | Synthetic delivery confirmation. / 2026-09-03T00:00:00+00:00 | Out for Delivery | Distribution center | Synthetic distribution-center dispatch. / 2026-09-03T00:00:00+00:00 | In Transit | Destination hub | Synthetic arrival at destination hub. / 2026-08-28T00:00:00+00:00 | In Transit | Origin hub | Synthetic international dispatch. / 2026-08-25T00:00:00+00:00 | Preparing | Warehouse | Synthetic warehouse receipt.,000.000.000-00,2026-08-21,2026-08-30
2026-08-31,227-264,MOTION LABS CÂMERA DE AÇÃO 4K COM ESTABILIZAÇÃO E ACESSÓRIOS,B0S5YA5CC3,Target,USA,900008149,AKDN-80281,1,162.49,35.02,Pending,Bruno Oliveira Bastos,isabelakalidossame@gmail.com,(00) 00000-0000,,,,,true,2026-09-02 00:00:00,Preparing,,,2026-09-03,,,,,USA,Porto Alegre - RS,2026-09-04 09:00:00,,,,000.000.000-00,,
2026-08-28,227-213,SOLARIS HOME FRITADEIRA ELÉTRICA SEM ÓLEO DIGITAL COM CAPACIDADE DE 4 LITROS,B0P74KLB5E,Amazon,USA,900008062,AKDN-80278,1,173.62,33.91,Pending,Vitória Neves Andrade,isabelakalidossame@gmail.com,(00) 00000-0000,,,,,true,2026-08-30 00:00:00,Preparing,,,2026-08-31,,,,,USA,Porto Alegre - RS,2026-09-04 09:00:00,,,,000.000.000-00,,
2026-08-29,227-230,ZENITH HOME ASPIRADOR ROBÔ INTELIGENTE COM MAPEAMENTO E BASE CARREGADORA,B0Q6QT5NJM,Walmart,USA,900008091,AKDN-80279,2,301.66,68.56,Pending,William Neves Andrade,isabelakalidossame@gmail.com,(00) 00000-0000,,,,,true,2026-08-29 00:00:00,Preparing,,,2026-09-01,,,,,USA,Fortaleza - CE,2026-09-04 09:00:00,,,,000.000.000-00,,
2026-08-28,227-196,NOVAWAVE FONE DE OUVIDO SEM FIO COM CANCELAMENTO DE RUÍDO E ESTOJO,B0N7GB4YP7,Amazon,USA,900008033,AKDN-80277,1,167.7,33.54,Pending,Tiago Neves Andrade,isabelakalidossame@gmail.com,(00) 00000-0000,,,,,true,2026-08-29 00:00:00,Preparing,,,2026-08-31,,,,,USA,Fortaleza - CE,2026-09-04 09:00:00,,,,000.000.000-00,,
2026-08-05,226-737,VISTA DIGITAL MONITOR LED 24 POLEGADAS FULL HD COM AJUSTE DE INCLINAÇÃO,B0NQHUEKNF,eBay,USA,900007250,AKDN-80250,1,120.58,23.55,Delivered,Larissa Macedo Rocha,isabelakalidossame@gmail.com,(00) 00000-0000,NX-041265-26,RCPT-073265,FedEx Demo,DEMO00025101,true,2026-08-06 00:00:00,Delivered,2026-08-21,2026-08-27,2026-08-15,2026-08-21,2026-08-23,2026-08-24,2026-08-27,USA,Salvador - BA,2026-09-04 09:00:00,,,2026-08-27T00:00:00+00:00 | Delivered | Customer destination | Synthetic delivery confirmation. / 2026-08-24T00:00:00+00:00 | Out for Delivery | Distribution center | Synthetic distribution-center dispatch. / 2026-08-21T00:00:00+00:00 | In Transit | Destination hub | Synthetic arrival at destination hub. / 2026-08-17T00:00:00+00:00 | In Transit | Origin hub | Synthetic international dispatch. / 2026-08-15T00:00:00+00:00 | Preparing | Warehouse | Synthetic warehouse receipt.,000.000.000-00,2026-08-10,2026-08-19
2026-08-04,226-720,ZENITH HOME ASPIRADOR ROBÔ INTELIGENTE COM MAPEAMENTO E BASE CARREGADORA,B0MRVMV898,Walmart,USA,900007221,AKDN-80249,2,231.8,46.36,Delivered,João Miguel Macedo Rocha,isabelakalidossame@gmail.com,(00) 00000-0000,NX-041264-26,RCPT-073264,UPS Demo,DEMO00025001,true,2026-08-04 00:00:00,Delivered,2026-08-22,2026-08-27,2026-08-13,2026-08-22,2026-08-23,2026-08-25,2026-08-27,USA,Curitiba - PR,2026-09-04 09:00:00,,,2026-08-27T00:00:00+00:00 | Delivered | Customer destination | Synthetic delivery confirmation. / 2026-08-25T00:00:00+00:00 | Out for Delivery | Distribution center | Synthetic distribution-center dispatch. / 2026-08-22T00:00:00+00:00 | In Transit | Destination hub | Synthetic arrival at destination hub. / 2026-08-14T00:00:00+00:00 | In Transit | Origin hub | Synthetic international dispatch. / 2026-08-13T00:00:00+00:00 | Preparing | Warehouse | Synthetic warehouse receipt.,000.000.000-00,2026-08-09,2026-08-18
2026-08-08,226-805,ZENITH HOME ASPIRADOR ROBÔ INTELIGENTE COM MAPEAMENTO E BASE CARREGADORA,B0SNZTEXAA,Amazon,USA,900007366,AKDN-80254,1,119.14,25.03,Shipped,Paula Macedo Rocha,isabelakalidossame@gmail.com,(00) 00000-0000,NX-041269-26,RCPT-073269,Global Parcel Demo,DEMO00025501,true,2026-08-10 00:00:00,Out for Delivery,2026-08-26,,2026-08-15,2026-08-26,,2026-08-21,,USA,Porto Alegre - RS,2026-09-04 09:00:00,,,2026-08-26T00:00:00+00:00 | In Transit | Destination hub | Synthetic arrival at destination hub. / 2026-08-18T00:00:00+00:00 | In Transit | Origin hub | Synthetic international dispatch. / 2026-08-15T00:00:00+00:00 | Preparing | Warehouse | Synthetic warehouse receipt.,000.000.000-00,2026-08-13,2026-08-22
2026-08-03,226-703,SOLARIS HOME FRITADEIRA ELÉTRICA SEM ÓLEO DIGITAL COM CAPACIDADE DE 4 LITROS,B0KS9DDUUZ,Amazon,USA,900007192,AKDN-80248,1,111.31,22.81,Delivered,Isadora Macedo Rocha,isabelakalidossame@gmail.com,(00) 00000-0000,NX-041263-26,RCPT-073263,Global Parcel Demo,DEMO00024901,true,2026-08-05 00:00:00,Delivered,2026-08-21,2026-08-26,2026-08-11,2026-08-21,2026-08-24,2026-08-25,2026-08-26,USA,Recife - PE,2026-09-04 09:00:00,,,2026-08-26T00:00:00+00:00 | Delivered | Customer destination | Synthetic delivery confirmation. / 2026-08-25T00:00:00+00:00 | Out for Delivery | Distribution center | Synthetic distribution-center dispatch. / 2026-08-21T00:00:00+00:00 | In Transit | Destination hub | Synthetic arrival at destination hub. / 2026-08-14T00:00:00+00:00 | In Transit | Origin hub | Synthetic international dispatch. / 2026-08-11T00:00:00+00:00 | Preparing | Warehouse | Synthetic warehouse receipt.,000.000.000-00,2026-08-08,2026-08-17
2026-08-02,226-686,NOVAWAVE FONE DE OUVIDO SEM FIO COM CANCELAMENTO DE RUÍDO E ESTOJO,B0JSM5VHFT,Amazon,USA,900007163,AKDN-80247,1,106.81,22.44,Delivered,Heitor Macedo Rocha,isabelakalidossame@gmail.com,(00) 00000-0000,NX-041262-26,RCPT-073262,FedEx Demo,DEMO00024801,true,2026-08-03 00:00:00,Delivered,2026-08-17,2026-08-25,2026-08-09,2026-08-17,2026-08-19,2026-08-21,2026-08-25,USA,Brasília - DF,2026-09-04 09:00:00,,,2026-08-25T00:00:00+00:00 | Delivered | Customer destination | Synthetic delivery confirmation. / 2026-08-21T00:00:00+00:00 | Out for Delivery | Distribution center | Synthetic distribution-center dispatch. / 2026-08-17T00:00:00+00:00 | In Transit | Destination hub | Synthetic arrival at destination hub. / 2026-08-11T00:00:00+00:00 | In Transit | Origin hub | Synthetic international dispatch. / 2026-08-09T00:00:00+00:00 | Preparing | Warehouse | Synthetic warehouse receipt.,000.000.000-00,2026-08-07,2026-08-16
2026-07-31,226-635,ZENITH HOME ASPIRADOR ROBÔ INTELIGENTE COM MAPEAMENTO E BASE CARREGADORA,B0FUQECG76,eBay,USA,900007076,AKDN-80244,1,93.85,21.33,Delivered,Elisa Macedo Rocha,isabelakalidossame@gmail.com,(00) 00000-0000,NX-041259-26,RCPT-073259,FedEx Demo,DEMO00024501,true,2026-08-01 00:00:00,Delivered,2026-08-21,2026-08-25,2026-08-11,2026-08-21,2026-08-23,2026-08-24,2026-08-25,USA,Recife - PE,2026-09-04 09:00:00,,,2026-08-25T00:00:00+00:00 | Delivered | Customer destination | Synthetic delivery confirmation. / 2026-08-24T00:00:00+00:00 | Out for Delivery | Distribution center | Synthetic distribution-center dispatch. / 2026-08-21T00:00:00+00:00 | In Transit | Destination hub | Synthetic arrival at destination hub. / 2026-08-13T00:00:00+00:00 | In Transit | Origin hub | Synthetic international dispatch. / 2026-08-11T00:00:00+00:00 | Preparing | Warehouse | Synthetic warehouse receipt.,000.000.000-00,2026-08-05,2026-08-14
2026-08-05,226-754,MOTION LABS CÂMERA DE AÇÃO 4K COM ESTABILIZAÇÃO E ACESSÓRIOS,B0PQ54WW3N,Target,USA,900007279,AKDN-80251,1,105.25,23.92,Shipped,Mateus Macedo Rocha,isabelakalidossame@gmail.com,(00) 00000-0000,NX-041266-26,RCPT-073266,Global Parcel Demo,DEMO00025201,true,2026-08-07 00:00:00,Out for Delivery,2026-08-24,,2026-08-16,2026-08-24,,2026-08-18,,USA,São Paulo - SP,2026-09-04 09:00:00,,,2026-08-24T00:00:00+00:00 | In Transit | Destination hub | Synthetic arrival at destination hub. / 2026-08-19T00:00:00+00:00 | In Transit | Origin hub | Synthetic international dispatch. / 2026-08-16T00:00:00+00:00 | Preparing | Warehouse | Synthetic warehouse receipt.,000.000.000-00,2026-08-10,2026-08-19
2026-07-30,226-618,SOLARIS HOME FRITADEIRA ELÉTRICA SEM ÓLEO DIGITAL COM CAPACIDADE DE 4 LITROS,B0DV47U5SX,Walmart,USA,900007047,AKDN-80243,2,214.63,41.92,Delivered,Daniel Macedo Rocha,isabelakalidossame@gmail.com,(00) 00000-0000,NX-041258-26,RCPT-073258,UPS Demo,DEMO00024401,true,2026-07-30 00:00:00,Delivered,2026-08-17,2026-08-24,2026-08-09,2026-08-17,2026-08-18,2026-08-20,2026-08-24,USA,São Paulo - SP,2026-09-04 09:00:00,,,2026-08-24T00:00:00+00:00 | Delivered | Customer destination | Synthetic delivery confirmation. / 2026-08-20T00:00:00+00:00 | Out for Delivery | Distribution center | Synthetic distribution-center dispatch. / 2026-08-17T00:00:00+00:00 | In Transit | Destination hub | Synthetic arrival at destination hub. / 2026-08-10T00:00:00+00:00 | In Transit | Origin hub | Synthetic international dispatch. / 2026-08-09T00:00:00+00:00 | Preparing | Warehouse | Synthetic warehouse receipt.,000.000.000-00,2026-08-04,2026-08-13
2026-08-09,226-822,VISTA DIGITAL MONITOR LED 24 POLEGADAS FULL HD COM AJUSTE DE INCLINAÇÃO,B0UMM3XAPH,Walmart,USA,900007395,AKDN-80255,2,247.9,50.8,Shipped,Rafael Macedo Rocha,isabelakalidossame@gmail.com,(00) 00000-0000,NX-041270-26,RCPT-073270,UPS Demo,DEMO00025601,true,2026-08-09 00:00:00,At Distribution Center,2026-08-22,,2026-08-17,2026-08-22,,2026-08-22,,USA,São Paulo - SP,2026-09-04 09:00:00,,,2026-08-22T00:00:00+00:00 | In Transit | Destination hub | Synthetic arrival at destination hub. / 2026-08-18T00:00:00+00:00 | In Transit | Origin hub | Synthetic international dispatch. / 2026-08-17T00:00:00+00:00 | Preparing | Warehouse | Synthetic warehouse receipt.,000.000.000-00,2026-08-14,
2026-08-07,226-788,SOLARIS HOME FRITADEIRA ELÉTRICA SEM ÓLEO DIGITAL COM CAPACIDADE DE 4 LITROS,B0RPDKWLV4,Amazon,USA,900007337,AKDN-80253,1,114.42,24.66,Shipped,Otávio Macedo Rocha,isabelakalidossame@gmail.com,(00) 00000-0000,NX-041268-26,RCPT-073268,FedEx Demo,DEMO00025401,true,2026-08-08 00:00:00,At Distribution Center,2026-08-22,,2026-08-13,2026-08-22,,2026-08-20,,USA,Manaus - AM,2026-09-04 09:00:00,,,2026-08-22T00:00:00+00:00 | In Transit | Destination hub | Synthetic arrival at destination hub. / 2026-08-15T00:00:00+00:00 | In Transit | Origin hub | Synthetic international dispatch. / 2026-08-13T00:00:00+00:00 | Preparing | Warehouse | Synthetic warehouse receipt.,000.000.000-00,2026-08-12,
2026-07-31,226-652,VISTA DIGITAL MONITOR LED 24 POLEGADAS FULL HD COM AJUSTE DE INCLINAÇÃO,B0GUCNUTLD,Target,USA,900007105,AKDN-80245,1,98.08,21.7,Delivered,Felipe Macedo Rocha,isabelakalidossame@gmail.com,(00) 00000-0000,NX-041260-26,RCPT-073260,Global Parcel Demo,DEMO00024601,true,2026-08-02 00:00:00,Delivered,2026-08-12,2026-08-19,2026-08-05,2026-08-12,2026-08-15,2026-08-17,2026-08-19,USA,Porto Alegre - RS,2026-09-04 09:00:00,,,2026-08-19T00:00:00+00:00 | Delivered | Customer destination | Synthetic delivery confirmation. / 2026-08-17T00:00:00+00:00 | Out for Delivery | Distribution center | Synthetic distribution-center dispatch. / 2026-08-12T00:00:00+00:00 | In Transit | Destination hub | Synthetic arrival at destination hub. / 2026-08-08T00:00:00+00:00 | In Transit | Origin hub | Synthetic international dispatch. / 2026-08-05T00:00:00+00:00 | Preparing | Warehouse | Synthetic warehouse receipt.,000.000.000-00,2026-08-05,2026-08-14
2026-08-15,226-941,NOVAWAVE FONE DE OUVIDO SEM FIO COM CANCELAMENTO DE RUÍDO E ESTOJO,B04H2QGRKZ,eBay,USA,900007598,AKDN-80262,1,136.59,27.99,Cancelled,Camila Neves Andrade,isabelakalidossame@gmail.com,(00) 00000-0000,,,,,false,,Cancelled,,,,,,,,USA,Brasília - DF,2026-09-04 09:00:00,Cancelled by demo store,2026-08-18 00:00:00,,000.000.000-00,,
2026-08-06,226-771,NOVAWAVE FONE DE OUVIDO SEM FIO COM CANCELAMENTO DE RUÍDO E ESTOJO,B0QPRCE9GV,Amazon,USA,900007308,AKDN-80252,2,219.58,48.58,Shipped,Natália Macedo Rocha,isabelakalidossame@gmail.com,(00) 00000-0000,NX-041267-26,RCPT-073267,UPS Demo,DEMO00025301,true,2026-08-06 00:00:00,At Distribution Center,2026-08-18,,2026-08-11,2026-08-18,,2026-08-19,,USA,Manaus - AM,2026-09-04 09:00:00,,,2026-08-18T00:00:00+00:00 | In Transit | Destination hub | Synthetic arrival at destination hub. / 2026-08-12T00:00:00+00:00 | In Transit | Origin hub | Synthetic international dispatch. / 2026-08-11T00:00:00+00:00 | Preparing | Warehouse | Synthetic warehouse receipt.,000.000.000-00,2026-08-11,
2026-08-01,226-669,MOTION LABS CÂMERA DE AÇÃO 4K COM ESTABILIZAÇÃO E ACESSÓRIOS,B0HTYWD62L,Amazon,USA,900007134,AKDN-80246,2,204.81,44.14,Delivered,Gabriela Macedo Rocha,isabelakalidossame@gmail.com,(00) 00000-0000,NX-041261-26,RCPT-073261,UPS Demo,DEMO00024701,true,2026-08-01 00:00:00,Delivered,2026-08-13,2026-08-18,2026-08-07,2026-08-13,2026-08-14,2026-08-15,2026-08-18,USA,Manaus - AM,2026-09-04 09:00:00,,,2026-08-18T00:00:00+00:00 | Delivered | Customer destination | Synthetic delivery confirmation. / 2026-08-15T00:00:00+00:00 | Out for Delivery | Distribution center | Synthetic distribution-center dispatch. / 2026-08-13T00:00:00+00:00 | In Transit | Destination hub | Synthetic arrival at destination hub. / 2026-08-08T00:00:00+00:00 | In Transit | Origin hub | Synthetic international dispatch. / 2026-08-07T00:00:00+00:00 | Preparing | Warehouse | Synthetic warehouse receipt.,000.000.000-00,2026-08-06,2026-08-15
2026-08-14,226-924,MOTION LABS CÂMERA DE AÇÃO 4K COM ESTABILIZAÇÃO E ACESSÓRIOS,B03HEHYD6S,Walmart,USA,900007569,AKDN-80261,2,262.94,55.24,Cancelled,Bruno Neves Andrade,isabelakalidossame@gmail.com,(00) 00000-0000,,,,,false,,Cancelled,,,,,,,,USA,Rio de Janeiro - RJ,2026-09-04 09:00:00,Cancelled by demo customer,2026-08-16 00:00:00,,000.000.000-00,,
2026-08-13,226-907,VISTA DIGITAL MONITOR LED 24 POLEGADAS FULL HD COM AJUSTE DE INCLINAÇÃO,B0ZJS9G2RK,Amazon,USA,900007540,AKDN-80260,1,126.44,27.25,Cancelled,Ana Clara Neves Andrade,isabelakalidossame@gmail.com,(00) 00000-0000,,,,,false,,Cancelled,,,,,,,,USA,Belo Horizonte - MG,2026-09-04 09:00:00,Cancelled by demo store,2026-08-14 00:00:00,,000.000.000-00,,
2026-08-12,226-890,ZENITH HOME ASPIRADOR ROBÔ INTELIGENTE COM MAPEAMENTO E BASE CARREGADORA,B0YK6ZYPCD,Amazon,USA,900007511,AKDN-80259,1,121.5,26.88,Pending,William Macedo Rocha,isabelakalidossame@gmail.com,(00) 00000-0000,,,,,true,2026-08-13 00:00:00,Preparing,,,2026-08-15,,,,,USA,Fortaleza - CE,2026-09-04 09:00:00,,,,000.000.000-00,,
2026-08-11,226-856,NOVAWAVE FONE DE OUVIDO SEM FIO COM CANCELAMENTO DE RUÍDO E ESTOJO,B0WLWJXZJX,Target,USA,900007453,AKDN-80257,1,133.84,26.14,Pending,Tiago Macedo Rocha,isabelakalidossame@gmail.com,(00) 00000-0000,,,,,true,2026-08-13 00:00:00,Preparing,,,2026-08-14,,,,,USA,São Paulo - SP,2026-09-04 09:00:00,,,,000.000.000-00,,
2026-07-19,226-397,VISTA DIGITAL MONITOR LED 24 POLEGADAS FULL HD COM AJUSTE DE INCLINAÇÃO,B0W5X39LG7,Amazon,USA,900006670,AKDN-80230,1,71.06,16.15,Delivered,Larissa Lopes Azevedo,isabelakalidossame@gmail.com,(00) 00000-0000,NX-041245-26,RCPT-073245,Global Parcel Demo,DEMO00023101,true,2026-07-21 00:00:00,Delivered,2026-08-06,2026-08-13,2026-07-30,2026-08-06,2026-08-09,2026-08-10,2026-08-13,USA,Brasília - DF,2026-09-04 09:00:00,,,2026-08-13T00:00:00+00:00 | Delivered | Customer destination | Synthetic delivery confirmation. / 2026-08-10T00:00:00+00:00 | Out for Delivery | Distribution center | Synthetic distribution-center dispatch. / 2026-08-06T00:00:00+00:00 | In Transit | Destination hub | Synthetic arrival at destination hub. / 2026-08-02T00:00:00+00:00 | In Transit | Origin hub | Synthetic international dispatch. / 2026-07-30T00:00:00+00:00 | Preparing | Warehouse | Synthetic warehouse receipt.,000.000.000-00,2026-07-24,2026-08-02
2026-07-18,226-380,ZENITH HOME ASPIRADOR ROBÔ INTELIGENTE COM MAPEAMENTO E BASE CARREGADORA,B0V6BTQ93Y,Amazon,USA,900006641,AKDN-80229,1,80.79,15.78,Delivered,João Miguel Lopes Azevedo,isabelakalidossame@gmail.com,(00) 00000-0000,NX-041244-26,RCPT-073244,FedEx Demo,DEMO00023001,true,2026-07-19 00:00:00,Delivered,2026-08-07,2026-08-13,2026-07-28,2026-08-07,2026-08-09,2026-08-11,2026-08-13,USA,Salvador - BA,2026-09-04 09:00:00,,,2026-08-13T00:00:00+00:00 | Delivered | Customer destination | Synthetic delivery confirmation. / 2026-08-11T00:00:00+00:00 | Out for Delivery | Distribution center | Synthetic distribution-center dispatch. / 2026-08-07T00:00:00+00:00 | In Transit | Destination hub | Synthetic arrival at destination hub. / 2026-07-30T00:00:00+00:00 | In Transit | Origin hub | Synthetic international dispatch. / 2026-07-28T00:00:00+00:00 | Preparing | Warehouse | Synthetic warehouse receipt.,000.000.000-00,2026-07-23,2026-08-01
2026-08-11,226-873,SOLARIS HOME FRITADEIRA ELÉTRICA SEM ÓLEO DIGITAL COM CAPACIDADE DE 4 LITROS,B0XKJSFCX6,Amazon,USA,900007482,AKDN-80258,2,233.29,53.02,Pending,Vitória Macedo Rocha,isabelakalidossame@gmail.com,(00) 00000-0000,,,,,true,2026-08-11 00:00:00,Preparing,,,2026-08-14,,,,,USA,Salvador - BA,2026-09-04 09:00:00,,,,000.000.000-00,,
2026-07-16,226-346,NOVAWAVE FONE DE OUVIDO SEM FIO COM CANCELAMENTO DE RUÍDO E ESTOJO,B0T72CQJ9J,Target,USA,900006583,AKDN-80227,1,73.4,15.04,Delivered,Heitor Lopes Azevedo,isabelakalidossame@gmail.com,(00) 00000-0000,NX-041242-26,RCPT-073242,Global Parcel Demo,DEMO00022801,true,2026-07-18 00:00:00,Delivered,2026-08-02,2026-08-11,2026-07-24,2026-08-02,2026-08-05,2026-08-07,2026-08-11,USA,São Paulo - SP,2026-09-04 09:00:00,,,2026-08-11T00:00:00+00:00 | Delivered | Customer destination | Synthetic delivery confirmation. / 2026-08-07T00:00:00+00:00 | Out for Delivery | Distribution center | Synthetic distribution-center dispatch. / 2026-08-02T00:00:00+00:00 | In Transit | Destination hub | Synthetic arrival at destination hub. / 2026-07-27T00:00:00+00:00 | In Transit | Origin hub | Synthetic international dispatch. / 2026-07-24T00:00:00+00:00 | Preparing | Warehouse | Synthetic warehouse receipt.,000.000.000-00,2026-07-21,2026-07-30
2026-07-13,226-278,SOLARIS HOME FRITADEIRA ELÉTRICA SEM ÓLEO DIGITAL COM CAPACIDADE DE 4 LITROS,B0N9JDP6LP,Amazon,USA,900006467,AKDN-80223,1,59.66,13.56,Delivered,Daniel Lopes Azevedo,isabelakalidossame@gmail.com,(00) 00000-0000,NX-041238-26,RCPT-073238,FedEx Demo,DEMO00022401,true,2026-07-14 00:00:00,Delivered,2026-08-02,2026-08-10,2026-07-24,2026-08-02,2026-08-04,2026-08-06,2026-08-10,USA,Rio de Janeiro - RJ,2026-09-04 09:00:00,,,2026-08-10T00:00:00+00:00 | Delivered | Customer destination | Synthetic delivery confirmation. / 2026-08-06T00:00:00+00:00 | Out for Delivery | Distribution center | Synthetic distribution-center dispatch. / 2026-08-02T00:00:00+00:00 | In Transit | Destination hub | Synthetic arrival at destination hub. / 2026-07-26T00:00:00+00:00 | In Transit | Origin hub | Synthetic international dispatch. / 2026-07-24T00:00:00+00:00 | Preparing | Warehouse | Synthetic warehouse receipt.,000.000.000-00,2026-07-18,2026-07-27
2026-07-22,226-465,ZENITH HOME ASPIRADOR ROBÔ INTELIGENTE COM MAPEAMENTO E BASE CARREGADORA,B032F2AY42,Amazon,USA,900006786,AKDN-80234,2,172.07,35.26,Shipped,Paula Lopes Azevedo,isabelakalidossame@gmail.com,(00) 00000-0000,NX-041249-26,RCPT-073249,UPS Demo,DEMO00023501,true,2026-07-22 00:00:00,At Distribution Center,2026-08-08,,2026-07-30,2026-08-08,,2026-08-04,,USA,Recife - PE,2026-09-04 09:00:00,,,2026-08-08T00:00:00+00:00 | In Transit | Destination hub | Synthetic arrival at destination hub. / 2026-07-31T00:00:00+00:00 | In Transit | Origin hub | Synthetic international dispatch. / 2026-07-30T00:00:00+00:00 | Preparing | Warehouse | Synthetic warehouse receipt.,000.000.000-00,2026-07-27,
2026-07-23,226-482,VISTA DIGITAL MONITOR LED 24 POLEGADAS FULL HD COM AJUSTE DE INCLINAÇÃO,B04239SBH9,Amazon,USA,900006815,AKDN-80235,1,90,18,Shipped,Rafael Lopes Azevedo,isabelakalidossame@gmail.com,(00) 00000-0000,NX-041250-26,RCPT-073250,FedEx Demo,DEMO00023601,true,2026-07-24 00:00:00,At Distribution Center,2026-08-07,,2026-08-01,2026-08-07,,2026-08-05,,USA,Fortaleza - CE,2026-09-04 09:00:00,,,2026-08-07T00:00:00+00:00 | In Transit | Destination hub | Synthetic arrival at destination hub. / 2026-08-03T00:00:00+00:00 | In Transit | Origin hub | Synthetic international dispatch. / 2026-08-01T00:00:00+00:00 | Preparing | Warehouse | Synthetic warehouse receipt.,000.000.000-00,2026-07-28,
2026-07-21,226-448,SOLARIS HOME FRITADEIRA ELÉTRICA SEM ÓLEO DIGITAL COM CAPACIDADE DE 4 LITROS,B023TSRMPT,Target,USA,900006757,AKDN-80233,1,82.16,17.26,Shipped,Otávio Lopes Azevedo,isabelakalidossame@gmail.com,(00) 00000-0000,NX-041248-26,RCPT-073248,Global Parcel Demo,DEMO00023401,true,2026-07-23 00:00:00,In Transit,2026-08-07,,2026-07-28,2026-08-07,,,,USA,São Paulo - SP,2026-09-04 09:00:00,,,2026-08-07T00:00:00+00:00 | In Transit | Destination hub | Synthetic arrival at destination hub. / 2026-07-31T00:00:00+00:00 | In Transit | Origin hub | Synthetic international dispatch. / 2026-07-28T00:00:00+00:00 | Preparing | Warehouse | Synthetic warehouse receipt.,000.000.000-00,2026-07-26,
2026-07-17,226-363,SOLARIS HOME FRITADEIRA ELÉTRICA SEM ÓLEO DIGITAL COM CAPACIDADE DE 4 LITROS,B0U6NL8VNR,Amazon,USA,900006612,AKDN-80228,2,154.1,30.82,Delivered,Isadora Lopes Azevedo,isabelakalidossame@gmail.com,(00) 00000-0000,NX-041243-26,RCPT-073243,UPS Demo,DEMO00022901,true,2026-07-17 00:00:00,Delivered,2026-08-03,2026-08-06,2026-07-26,2026-08-03,2026-08-04,2026-08-05,2026-08-06,USA,Rio de Janeiro - RJ,2026-09-04 09:00:00,,,2026-08-06T00:00:00+00:00 | Delivered | Customer destination | Synthetic delivery confirmation. / 2026-08-05T00:00:00+00:00 | Out for Delivery | Distribution center | Synthetic distribution-center dispatch. / 2026-08-03T00:00:00+00:00 | In Transit | Destination hub | Synthetic arrival at destination hub. / 2026-07-27T00:00:00+00:00 | In Transit | Origin hub | Synthetic international dispatch. / 2026-07-26T00:00:00+00:00 | Preparing | Warehouse | Synthetic warehouse receipt.,000.000.000-00,2026-07-22,2026-07-31
2026-07-15,226-329,MOTION LABS CÂMERA DE AÇÃO 4K COM ESTABILIZAÇÃO E ACESSÓRIOS,B0R7E487UB,eBay,USA,900006554,AKDN-80226,1,69.83,14.67,Delivered,Gabriela Lopes Azevedo,isabelakalidossame@gmail.com,(00) 00000-0000,NX-041241-26,RCPT-073241,FedEx Demo,DEMO00022701,true,2026-07-16 00:00:00,Delivered,2026-07-29,2026-08-04,2026-07-22,2026-07-29,2026-07-31,2026-08-01,2026-08-04,USA,Manaus - AM,2026-09-04 09:00:00,,,2026-08-04T00:00:00+00:00 | Delivered | Customer destination | Synthetic delivery confirmation. / 2026-08-01T00:00:00+00:00 | Out for Delivery | Distribution center | Synthetic distribution-center dispatch. / 2026-07-29T00:00:00+00:00 | In Transit | Destination hub | Synthetic arrival at destination hub. / 2026-07-24T00:00:00+00:00 | In Transit | Origin hub | Synthetic international dispatch. / 2026-07-22T00:00:00+00:00 | Preparing | Warehouse | Synthetic warehouse receipt.,000.000.000-00,2026-07-20,2026-07-29
2026-07-14,226-295,ZENITH HOME ASPIRADOR ROBÔ INTELIGENTE COM MAPEAMENTO E BASE CARREGADORA,B0P96M7HZW,Amazon,USA,900006496,AKDN-80224,1,62.96,13.93,Delivered,Elisa Lopes Azevedo,isabelakalidossame@gmail.com,(00) 00000-0000,NX-041239-26,RCPT-073239,Global Parcel Demo,DEMO00022501,true,2026-07-16 00:00:00,Delivered,2026-07-30,2026-08-04,2026-07-19,2026-07-30,2026-08-02,2026-08-03,2026-08-04,USA,Rio de Janeiro - RJ,2026-09-04 09:00:00,,,2026-08-04T00:00:00+00:00 | Delivered | Customer destination | Synthetic delivery confirmation. / 2026-08-03T00:00:00+00:00 | Out for Delivery | Distribution center | Synthetic distribution-center dispatch. / 2026-07-30T00:00:00+00:00 | In Transit | Destination hub | Synthetic arrival at destination hub. / 2026-07-22T00:00:00+00:00 | In Transit | Origin hub | Synthetic international dispatch. / 2026-07-19T00:00:00+00:00 | Preparing | Warehouse | Synthetic warehouse receipt.,000.000.000-00,2026-07-19,2026-07-28
2026-07-20,226-431,NOVAWAVE FONE DE OUVIDO SEM FIO COM CANCELAMENTO DE RUÍDO E ESTOJO,B0Y47J9AAL,eBay,USA,900006728,AKDN-80232,1,78.37,16.89,Shipped,Natália Lopes Azevedo,isabelakalidossame@gmail.com,(00) 00000-0000,NX-041247-26,RCPT-073247,FedEx Demo,DEMO00023301,true,2026-07-21 00:00:00,At Distribution Center,2026-08-03,,2026-07-26,2026-08-03,,2026-08-02,,USA,Belo Horizonte - MG,2026-09-04 09:00:00,,,2026-08-03T00:00:00+00:00 | In Transit | Destination hub | Synthetic arrival at destination hub. / 2026-07-28T00:00:00+00:00 | In Transit | Origin hub | Synthetic international dispatch. / 2026-07-26T00:00:00+00:00 | Preparing | Warehouse | Synthetic warehouse receipt.,000.000.000-00,2026-07-25,
2026-07-29,226-601,NOVAWAVE FONE DE OUVIDO SEM FIO COM CANCELAMENTO DE RUÍDO E ESTOJO,B0CVGXCSDQ,Amazon,USA,900007018,AKDN-80242,1,102.95,20.59,Cancelled,Camila Macedo Rocha,isabelakalidossame@gmail.com,(00) 00000-0000,,,,,false,,Cancelled,,,,,,,,USA,Fortaleza - CE,2026-09-04 09:00:00,Cancelled by demo store,2026-08-01 00:00:00,,000.000.000-00,,
2026-07-20,226-414,MOTION LABS CÂMERA DE AÇÃO 4K COM ESTABILIZAÇÃO E ACESSÓRIOS,B0X4KBRXVD,Walmart,USA,900006699,AKDN-80231,2,149.34,33.04,Shipped,Mateus Lopes Azevedo,isabelakalidossame@gmail.com,(00) 00000-0000,NX-041246-26,RCPT-073246,UPS Demo,DEMO00023201,true,2026-07-20 00:00:00,In Transit,2026-07-31,,2026-07-25,2026-07-31,,,,USA,Salvador - BA,2026-09-04 09:00:00,,,2026-07-31T00:00:00+00:00 | In Transit | Destination hub | Synthetic arrival at destination hub. / 2026-07-26T00:00:00+00:00 | In Transit | Origin hub | Synthetic international dispatch. / 2026-07-25T00:00:00+00:00 | Preparing | Warehouse | Synthetic warehouse receipt.,000.000.000-00,2026-07-25,
2026-07-28,226-584,MOTION LABS CÂMERA DE AÇÃO 4K COM ESTABILIZAÇÃO E ACESSÓRIOS,B0BWUPTEYJ,Amazon,USA,900006989,AKDN-80241,1,98.67,20.22,Cancelled,Bruno Macedo Rocha,isabelakalidossame@gmail.com,(00) 00000-0000,,,,,false,,Cancelled,,,,,,,,USA,Goiânia - GO,2026-09-04 09:00:00,Cancelled by demo customer,2026-07-30 00:00:00,,000.000.000-00,,
2026-07-14,226-312,VISTA DIGITAL MONITOR LED 24 POLEGADAS FULL HD COM AJUSTE DE INCLINAÇÃO,B0Q8SVPUF4,Walmart,USA,900006525,AKDN-80225,2,132.7,28.6,Delivered,Felipe Lopes Azevedo,isabelakalidossame@gmail.com,(00) 00000-0000,NX-041240-26,RCPT-073240,UPS Demo,DEMO00022601,true,2026-07-14 00:00:00,Delivered,2026-07-25,2026-07-30,2026-07-20,2026-07-25,2026-07-26,2026-07-28,2026-07-30,USA,Rio de Janeiro - RJ,2026-09-04 09:00:00,,,2026-07-30T00:00:00+00:00 | Delivered | Customer destination | Synthetic delivery confirmation. / 2026-07-28T00:00:00+00:00 | Out for Delivery | Distribution center | Synthetic distribution-center dispatch. / 2026-07-25T00:00:00+00:00 | In Transit | Destination hub | Synthetic arrival at destination hub. / 2026-07-21T00:00:00+00:00 | In Transit | Origin hub | Synthetic international dispatch. / 2026-07-20T00:00:00+00:00 | Preparing | Warehouse | Synthetic warehouse receipt.,000.000.000-00,2026-07-19,2026-07-28
2026-07-01,226-040,ZENITH HOME ASPIRADOR ROBÔ INTELIGENTE COM MAPEAMENTO E BASE CARREGADORA,B05JQ2L9VP,Target,USA,900006061,AKDN-80209,1,402.07,91.38,Delivered,João Miguel Klein Martins,isabelakalidossame@gmail.com,(00) 00000-0000,NX-041224-26,RCPT-073224,Global Parcel Demo,DEMO00021001,true,2026-07-03 00:00:00,Delivered,2026-07-23,2026-07-30,2026-07-12,2026-07-23,2026-07-26,2026-07-28,2026-07-30,USA,Manaus - AM,2026-09-04 09:00:00,,,2026-07-30T00:00:00+00:00 | Delivered | Customer destination | Synthetic delivery confirmation. / 2026-07-28T00:00:00+00:00 | Out for Delivery | Distribution center | Synthetic distribution-center dispatch. / 2026-07-23T00:00:00+00:00 | In Transit | Destination hub | Synthetic arrival at destination hub. / 2026-07-15T00:00:00+00:00 | In Transit | Origin hub | Synthetic international dispatch. / 2026-07-12T00:00:00+00:00 | Preparing | Warehouse | Synthetic warehouse receipt.,000.000.000-00,2026-07-06,2026-07-15
2026-07-27,226-567,VISTA DIGITAL MONITOR LED 24 POLEGADAS FULL HD COM AJUSTE DE INCLINAÇÃO,B0AX8GB3KB,Amazon,USA,900006960,AKDN-80240,2,188.97,39.7,Cancelled,Ana Clara Macedo Rocha,isabelakalidossame@gmail.com,(00) 00000-0000,,,,,false,,Cancelled,,,,,,,,USA,Curitiba - PR,2026-09-04 09:00:00,Cancelled by demo store,2026-07-28 00:00:00,,000.000.000-00,,
2026-07-26,226-550,ZENITH HOME ASPIRADOR ROBÔ INTELIGENTE COM MAPEAMENTO E BASE CARREGADORA,B09XL8TQ64,Target,USA,900006931,AKDN-80239,1,90.39,19.48,Pending,William Lopes Azevedo,isabelakalidossame@gmail.com,(00) 00000-0000,,,,,true,2026-07-28 00:00:00,Preparing,,,2026-07-29,,,,,USA,Goiânia - GO,2026-09-04 09:00:00,,,,000.000.000-00,,
2026-07-25,226-533,SOLARIS HOME FRITADEIRA ELÉTRICA SEM ÓLEO DIGITAL COM CAPACIDADE DE 4 LITROS,B08YYYBDRV,eBay,USA,900006902,AKDN-80238,1,86.38,19.11,Pending,Vitória Lopes Azevedo,isabelakalidossame@gmail.com,(00) 00000-0000,,,,,true,2026-07-26 00:00:00,Preparing,,,2026-07-28,,,,,USA,Porto Alegre - RS,2026-09-04 09:00:00,,,,000.000.000-00,,
2026-07-25,226-516,NOVAWAVE FONE DE OUVIDO SEM FIO COM CANCELAMENTO DE RUÍDO E ESTOJO,B06ZBRS2CN,Walmart,USA,900006873,AKDN-80237,2,164.91,37.48,Pending,Tiago Lopes Azevedo,isabelakalidossame@gmail.com,(00) 00000-0000,,,,,true,2026-07-25 00:00:00,Preparing,,,2026-07-28,,,,,USA,Goiânia - GO,2026-09-04 09:00:00,,,,000.000.000-00,,
2026-07-05,226-125,ZENITH HOME ASPIRADOR ROBÔ INTELIGENTE COM MAPEAMENTO E BASE CARREGADORA,B0BFV85ZXR,eBay,USA,900006206,AKDN-80214,1,51.15,10.23,Shipped,Paula Klein Martins,isabelakalidossame@gmail.com,(00) 00000-0000,NX-041229-26,RCPT-073229,FedEx Demo,DEMO00021501,true,2026-07-06 00:00:00,At Distribution Center,2026-07-24,,2026-07-14,2026-07-24,,2026-07-18,,USA,Manaus - AM,2026-09-04 09:00:00,,,2026-07-24T00:00:00+00:00 | In Transit | Destination hub | Synthetic arrival at destination hub. / 2026-07-16T00:00:00+00:00 | In Transit | Origin hub | Synthetic international dispatch. / 2026-07-14T00:00:00+00:00 | Preparing | Warehouse | Synthetic warehouse receipt.,000.000.000-00,2026-07-10,
2026-07-06,226-142,VISTA DIGITAL MONITOR LED 24 POLEGADAS FULL HD COM AJUSTE DE INCLINAÇÃO,B0CEHGMCCY,Target,USA,900006235,AKDN-80215,1,54.27,10.6,Shipped,Rafael Klein Martins,isabelakalidossame@gmail.com,(00) 00000-0000,NX-041230-26,RCPT-073230,Global Parcel Demo,DEMO00021601,true,2026-07-08 00:00:00,In Transit,2026-07-23,,2026-07-16,2026-07-23,,,,USA,Manaus - AM,2026-09-04 09:00:00,,,2026-07-23T00:00:00+00:00 | In Transit | Destination hub | Synthetic arrival at destination hub. / 2026-07-19T00:00:00+00:00 | In Transit | Origin hub | Synthetic international dispatch. / 2026-07-16T00:00:00+00:00 | Preparing | Warehouse | Synthetic warehouse receipt.,000.000.000-00,2026-07-11,
2026-06-30,226-023,SOLARIS HOME FRITADEIRA ELÉTRICA SEM ÓLEO DIGITAL COM CAPACIDADE DE 4 LITROS,B04K4S3WGG,eBay,USA,900006032,AKDN-80208,1,465.97,91.01,Delivered,Isadora Klein Martins,isabelakalidossame@gmail.com,(00) 00000-0000,NX-041223-26,RCPT-073223,FedEx Demo,DEMO00020901,true,2026-07-01 00:00:00,Delivered,2026-07-19,2026-07-23,2026-07-10,2026-07-19,2026-07-21,2026-07-22,2026-07-23,USA,Rio de Janeiro - RJ,2026-09-04 09:00:00,,,2026-07-23T00:00:00+00:00 | Delivered | Customer destination | Synthetic delivery confirmation. / 2026-07-22T00:00:00+00:00 | Out for Delivery | Distribution center | Synthetic distribution-center dispatch. / 2026-07-19T00:00:00+00:00 | In Transit | Destination hub | Synthetic arrival at destination hub. / 2026-07-12T00:00:00+00:00 | In Transit | Origin hub | Synthetic international dispatch. / 2026-07-10T00:00:00+00:00 | Preparing | Warehouse | Synthetic warehouse receipt.,000.000.000-00,2026-07-05,2026-07-14
2026-06-29,226-006,NOVAWAVE FONE DE OUVIDO SEM FIO COM CANCELAMENTO DE RUÍDO E ESTOJO,B03KGKKK39,Walmart,USA,900006003,AKDN-80207,2,906.4,181.28,Delivered,Heitor Klein Martins,isabelakalidossame@gmail.com,(00) 00000-0000,NX-041222-26,RCPT-073222,UPS Demo,DEMO00020801,true,2026-06-29 00:00:00,Delivered,2026-07-15,2026-07-22,2026-07-08,2026-07-15,2026-07-16,2026-07-18,2026-07-22,USA,Manaus - AM,2026-09-04 09:00:00,,,2026-07-22T00:00:00+00:00 | Delivered | Customer destination | Synthetic delivery confirmation. / 2026-07-18T00:00:00+00:00 | Out for Delivery | Distribution center | Synthetic distribution-center dispatch. / 2026-07-15T00:00:00+00:00 | In Transit | Destination hub | Synthetic arrival at destination hub. / 2026-07-09T00:00:00+00:00 | In Transit | Origin hub | Synthetic international dispatch. / 2026-07-08T00:00:00+00:00 | Preparing | Warehouse | Synthetic warehouse receipt.,000.000.000-00,2026-07-04,2026-07-13
2026-06-28,225-989,MOTION LABS CÂMERA DE AÇÃO 4K COM ESTABILIZAÇÃO E ACESSÓRIOS,B02LUB38N3,Amazon,USA,900005974,AKDN-80206,1,440.52,90.27,Delivered,Gabriela Klein Martins,isabelakalidossame@gmail.com,(00) 00000-0000,NX-041221-26,RCPT-073221,Global Parcel Demo,DEMO00020701,true,2026-06-30 00:00:00,Delivered,2026-07-14,2026-07-21,2026-07-06,2026-07-14,2026-07-17,2026-07-18,2026-07-21,USA,Belo Horizonte - MG,2026-09-04 09:00:00,,,2026-07-21T00:00:00+00:00 | Delivered | Customer destination | Synthetic delivery confirmation. / 2026-07-18T00:00:00+00:00 | Out for Delivery | Distribution center | Synthetic distribution-center dispatch. / 2026-07-14T00:00:00+00:00 | In Transit | Destination hub | Synthetic arrival at destination hub. / 2026-07-09T00:00:00+00:00 | In Transit | Origin hub | Synthetic international dispatch. / 2026-07-06T00:00:00+00:00 | Preparing | Warehouse | Synthetic warehouse receipt.,000.000.000-00,2026-07-03,2026-07-12
2026-07-04,226-108,SOLARIS HOME FRITADEIRA ELÉTRICA SEM ÓLEO DIGITAL COM CAPACIDADE DE 4 LITROS,B0AG9ZMNHJ,Walmart,USA,900006177,AKDN-80213,2,96.23,19.72,Shipped,Otávio Klein Martins,isabelakalidossame@gmail.com,(00) 00000-0000,NX-041228-26,RCPT-073228,UPS Demo,DEMO00021401,true,2026-07-04 00:00:00,At Distribution Center,2026-07-20,,2026-07-12,2026-07-20,,2026-07-17,,USA,Rio de Janeiro - RJ,2026-09-04 09:00:00,,,2026-07-20T00:00:00+00:00 | In Transit | Destination hub | Synthetic arrival at destination hub. / 2026-07-13T00:00:00+00:00 | In Transit | Origin hub | Synthetic international dispatch. / 2026-07-12T00:00:00+00:00 | Preparing | Warehouse | Synthetic warehouse receipt.,000.000.000-00,2026-07-09,
2026-06-26,225-938,SOLARIS HOME FRITADEIRA ELÉTRICA SEM ÓLEO DIGITAL COM CAPACIDADE DE 4 LITROS,B0WNYLJ7EE,Target,USA,900005887,AKDN-80203,1,403,89.16,Delivered,Daniel Klein Martins,isabelakalidossame@gmail.com,(00) 00000-0000,NX-041218-26,RCPT-073218,Global Parcel Demo,DEMO00020401,true,2026-06-28 00:00:00,Delivered,2026-07-11,2026-07-20,2026-07-01,2026-07-11,2026-07-14,2026-07-16,2026-07-20,USA,Salvador - BA,2026-09-04 09:00:00,,,2026-07-20T00:00:00+00:00 | Delivered | Customer destination | Synthetic delivery confirmation. / 2026-07-16T00:00:00+00:00 | Out for Delivery | Distribution center | Synthetic distribution-center dispatch. / 2026-07-11T00:00:00+00:00 | In Transit | Destination hub | Synthetic arrival at destination hub. / 2026-07-04T00:00:00+00:00 | In Transit | Origin hub | Synthetic international dispatch. / 2026-07-01T00:00:00+00:00 | Preparing | Warehouse | Synthetic warehouse receipt.,000.000.000-00,2026-07-01,2026-07-10
2026-07-03,226-091,NOVAWAVE FONE DE OUVIDO SEM FIO COM CANCELAMENTO DE RUÍDO E ESTOJO,B09GMR4B4C,Amazon,USA,900006148,AKDN-80212,1,45.17,9.49,Shipped,Natália Klein Martins,isabelakalidossame@gmail.com,(00) 00000-0000,NX-041227-26,RCPT-073227,Global Parcel Demo,DEMO00021301,true,2026-07-05 00:00:00,Out for Delivery,2026-07-19,,2026-07-10,2026-07-19,,,,USA,Fortaleza - CE,2026-09-04 09:00:00,,,2026-07-19T00:00:00+00:00 | In Transit | Destination hub | Synthetic arrival at destination hub. / 2026-07-13T00:00:00+00:00 | In Transit | Origin hub | Synthetic international dispatch. / 2026-07-10T00:00:00+00:00 | Preparing | Warehouse | Synthetic warehouse receipt.,000.000.000-00,2026-07-08,2026-07-17
2026-07-02,226-057,VISTA DIGITAL MONITOR LED 24 POLEGADAS FULL HD COM AJUSTE DE INCLINAÇÃO,B07JCA4MAW,Amazon,USA,900006090,AKDN-80210,2,79.1,17.5,Delivered,Larissa Klein Martins,isabelakalidossame@gmail.com,(00) 00000-0000,NX-041225-26,RCPT-073225,UPS Demo,DEMO00021101,true,2026-07-02 00:00:00,Delivered,2026-07-12,2026-07-17,2026-07-07,2026-07-12,2026-07-13,2026-07-14,2026-07-17,USA,Curitiba - PR,2026-09-04 09:00:00,,,2026-07-17T00:00:00+00:00 | Delivered | Customer destination | Synthetic delivery confirmation. / 2026-07-14T00:00:00+00:00 | Out for Delivery | Distribution center | Synthetic distribution-center dispatch. / 2026-07-12T00:00:00+00:00 | In Transit | Destination hub | Synthetic arrival at destination hub. / 2026-07-08T00:00:00+00:00 | In Transit | Origin hub | Synthetic international dispatch. / 2026-07-07T00:00:00+00:00 | Preparing | Warehouse | Synthetic warehouse receipt.,000.000.000-00,2026-07-07,2026-07-16
2026-07-03,226-074,MOTION LABS CÂMERA DE AÇÃO 4K COM ESTABILIZAÇÃO E ACESSÓRIOS,B08HZHLYP5,Amazon,USA,900006119,AKDN-80211,1,42.32,9.12,Shipped,Mateus Klein Martins,isabelakalidossame@gmail.com,(00) 00000-0000,NX-041226-26,RCPT-073226,FedEx Demo,DEMO00021201,true,2026-07-04 00:00:00,At Distribution Center,2026-07-16,,2026-07-09,2026-07-16,,2026-07-16,,USA,Belo Horizonte - MG,2026-09-04 09:00:00,,,2026-07-16T00:00:00+00:00 | In Transit | Destination hub | Synthetic arrival at destination hub. / 2026-07-11T00:00:00+00:00 | In Transit | Origin hub | Synthetic international dispatch. / 2026-07-09T00:00:00+00:00 | Preparing | Warehouse | Synthetic warehouse receipt.,000.000.000-00,2026-07-08,
2026-06-27,225-972,VISTA DIGITAL MONITOR LED 24 POLEGADAS FULL HD COM AJUSTE DE INCLINAÇÃO,B0ZM83KV9U,Amazon,USA,900005945,AKDN-80205,1,427.92,89.9,Delivered,Felipe Klein Martins,isabelakalidossame@gmail.com,(00) 00000-0000,NX-041220-26,RCPT-073220,FedEx Demo,DEMO00020601,true,2026-06-28 00:00:00,Delivered,2026-07-10,2026-07-16,2026-07-04,2026-07-10,2026-07-12,2026-07-14,2026-07-16,USA,Brasília - DF,2026-09-04 09:00:00,,,2026-07-16T00:00:00+00:00 | Delivered | Customer destination | Synthetic delivery confirmation. / 2026-07-14T00:00:00+00:00 | Out for Delivery | Distribution center | Synthetic distribution-center dispatch. / 2026-07-10T00:00:00+00:00 | In Transit | Destination hub | Synthetic arrival at destination hub. / 2026-07-06T00:00:00+00:00 | In Transit | Origin hub | Synthetic international dispatch. / 2026-07-04T00:00:00+00:00 | Preparing | Warehouse | Synthetic warehouse receipt.,000.000.000-00,2026-07-02,2026-07-11
2026-07-12,226-261,NOVAWAVE FONE DE OUVIDO SEM FIO COM CANCELAMENTO DE RUÍDO E ESTOJO,B0MAW67S7G,Amazon,USA,900006438,AKDN-80222,2,135.07,26.38,Cancelled,Camila Lopes Azevedo,isabelakalidossame@gmail.com,(00) 00000-0000,,,,,false,,Cancelled,,,,,,,,USA,Fortaleza - CE,2026-09-04 09:00:00,Cancelled by demo store,2026-07-15 00:00:00,,000.000.000-00,,
2026-06-27,225-955,ZENITH HOME ASPIRADOR ROBÔ INTELIGENTE COM MAPEAMENTO E BASE CARREGADORA,B0YMLU2JUM,Amazon,USA,900005916,AKDN-80204,2,830.84,179.06,Delivered,Elisa Klein Martins,isabelakalidossame@gmail.com,(00) 00000-0000,NX-041219-26,RCPT-073219,UPS Demo,DEMO00020501,true,2026-06-27 00:00:00,Delivered,2026-07-12,2026-07-15,2026-07-03,2026-07-12,2026-07-13,2026-07-14,2026-07-15,USA,Manaus - AM,2026-09-04 09:00:00,,,2026-07-15T00:00:00+00:00 | Delivered | Customer destination | Synthetic delivery confirmation. / 2026-07-14T00:00:00+00:00 | Out for Delivery | Distribution center | Synthetic distribution-center dispatch. / 2026-07-12T00:00:00+00:00 | In Transit | Destination hub | Synthetic arrival at destination hub. / 2026-07-04T00:00:00+00:00 | In Transit | Origin hub | Synthetic international dispatch. / 2026-07-03T00:00:00+00:00 | Preparing | Warehouse | Synthetic warehouse receipt.,000.000.000-00,2026-07-02,2026-07-11
2026-07-11,226-244,MOTION LABS CÂMERA DE AÇÃO 4K COM ESTABILIZAÇÃO E ACESSÓRIOS,B0LBAWPFS9,Target,USA,900006409,AKDN-80221,1,64.1,12.82,Cancelled,Bruno Lopes Azevedo,isabelakalidossame@gmail.com,(00) 00000-0000,,,,,false,,Cancelled,,,,,,,,USA,Salvador - BA,2026-09-04 09:00:00,Cancelled by demo customer,2026-07-13 00:00:00,,000.000.000-00,,
2026-07-10,226-227,VISTA DIGITAL MONITOR LED 24 POLEGADAS FULL HD COM AJUSTE DE INCLINAÇÃO,B0JBNN64D2,eBay,USA,900006380,AKDN-80220,1,60.76,12.45,Cancelled,Ana Clara Lopes Azevedo,isabelakalidossame@gmail.com,(00) 00000-0000,,,,,false,,Cancelled,,,,,,,,USA,Brasília - DF,2026-09-04 09:00:00,Cancelled by demo store,2026-07-11 00:00:00,,000.000.000-00,,
2026-07-08,226-193,SOLARIS HOME FRITADEIRA ELÉTRICA SEM ÓLEO DIGITAL COM CAPACIDADE DE 4 LITROS,B0GCD76EKM,Amazon,USA,900006322,AKDN-80218,1,54.33,11.71,Pending,Vitória Klein Martins,isabelakalidossame@gmail.com,(00) 00000-0000,,,,,true,2026-07-10 00:00:00,Preparing,,,2026-07-11,,,,,USA,Salvador - BA,2026-09-04 09:00:00,,,,000.000.000-00,,
2026-07-09,226-210,ZENITH HOME ASPIRADOR ROBÔ INTELIGENTE COM MAPEAMENTO E BASE CARREGADORA,B0HCZFNRYT,Walmart,USA,900006351,AKDN-80219,2,115,24.16,Pending,William Klein Martins,isabelakalidossame@gmail.com,(00) 00000-0000,,,,,true,2026-07-09 00:00:00,Preparing,,,2026-07-12,,,,,USA,Curitiba - PR,2026-09-04 09:00:00,,,,000.000.000-00,,
2026-07-08,226-176,NOVAWAVE FONE DE OUVIDO SEM FIO COM CANCELAMENTO DE RUÍDO E ESTOJO,B0FDRXN36E,Amazon,USA,900006293,AKDN-80217,1,51.26,11.34,Pending,Tiago Klein Martins,isabelakalidossame@gmail.com,(00) 00000-0000,,,,,true,2026-07-09 00:00:00,Preparing,,,2026-07-11,,,,,USA,Rio de Janeiro - RJ,2026-09-04 09:00:00,,,,000.000.000-00,,
2026-06-18,225-785,ZENITH HOME ASPIRADOR ROBÔ INTELIGENTE COM MAPEAMENTO E BASE CARREGADORA,B0LUBFY2RH,Amazon,USA,900005626,AKDN-80194,1,439.45,85.83,Shipped,Paula Jardim Ribeiro,isabelakalidossame@gmail.com,(00) 00000-0000,NX-041209-26,RCPT-073209,Global Parcel Demo,DEMO00019501,true,2026-06-20 00:00:00,At Distribution Center,2026-07-09,,2026-06-28,2026-07-09,,2026-07-01,,USA,Goiânia - GO,2026-09-04 09:00:00,,,2026-07-09T00:00:00+00:00 | In Transit | Destination hub | Synthetic arrival at destination hub. / 2026-07-01T00:00:00+00:00 | In Transit | Origin hub | Synthetic international dispatch. / 2026-06-28T00:00:00+00:00 | Preparing | Warehouse | Synthetic warehouse receipt.,000.000.000-00,2026-06-23,
2026-06-13,225-683,SOLARIS HOME FRITADEIRA ELÉTRICA SEM ÓLEO DIGITAL COM CAPACIDADE DE 4 LITROS,B0DXJZXXA8,Amazon,USA,900005452,AKDN-80188,1,367.88,83.61,Delivered,Isadora Jardim Ribeiro,isabelakalidossame@gmail.com,(00) 00000-0000,NX-041203-26,RCPT-073203,Global Parcel Demo,DEMO00018901,true,2026-06-15 00:00:00,Delivered,2026-07-04,2026-07-09,2026-06-24,2026-07-04,2026-07-07,2026-07-08,2026-07-09,USA,São Paulo - SP,2026-09-04 09:00:00,,,2026-07-09T00:00:00+00:00 | Delivered | Customer destination | Synthetic delivery confirmation. / 2026-07-08T00:00:00+00:00 | Out for Delivery | Distribution center | Synthetic distribution-center dispatch. / 2026-07-04T00:00:00+00:00 | In Transit | Destination hub | Synthetic arrival at destination hub. / 2026-06-27T00:00:00+00:00 | In Transit | Origin hub | Synthetic international dispatch. / 2026-06-24T00:00:00+00:00 | Preparing | Warehouse | Synthetic warehouse receipt.,000.000.000-00,2026-06-18,2026-06-27
2026-06-12,225-666,NOVAWAVE FONE DE OUVIDO SEM FIO COM CANCELAMENTO DE RUÍDO E ESTOJO,B0BYWRELVZ,Amazon,USA,900005423,AKDN-80187,1,426.19,83.24,Delivered,Heitor Jardim Ribeiro,isabelakalidossame@gmail.com,(00) 00000-0000,NX-041202-26,RCPT-073202,FedEx Demo,DEMO00018801,true,2026-06-13 00:00:00,Delivered,2026-06-30,2026-07-08,2026-06-22,2026-06-30,2026-07-02,2026-07-04,2026-07-08,USA,Fortaleza - CE,2026-09-04 09:00:00,,,2026-07-08T00:00:00+00:00 | Delivered | Customer destination | Synthetic delivery confirmation. / 2026-07-04T00:00:00+00:00 | Out for Delivery | Distribution center | Synthetic distribution-center dispatch. / 2026-06-30T00:00:00+00:00 | In Transit | Destination hub | Synthetic arrival at destination hub. / 2026-06-24T00:00:00+00:00 | In Transit | Origin hub | Synthetic international dispatch. / 2026-06-22T00:00:00+00:00 | Preparing | Warehouse | Synthetic warehouse receipt.,000.000.000-00,2026-06-17,2026-06-26
2026-06-19,225-802,VISTA DIGITAL MONITOR LED 24 POLEGADAS FULL HD COM AJUSTE DE INCLINAÇÃO,B0MTXPGD6Q,Walmart,USA,900005655,AKDN-80195,2,758.56,172.4,Shipped,Rafael Jardim Ribeiro,isabelakalidossame@gmail.com,(00) 00000-0000,NX-041210-26,RCPT-073210,UPS Demo,DEMO00019601,true,2026-06-19 00:00:00,At Distribution Center,2026-07-05,,2026-06-30,2026-07-05,,2026-07-02,,USA,Curitiba - PR,2026-09-04 09:00:00,,,2026-07-05T00:00:00+00:00 | In Transit | Destination hub | Synthetic arrival at destination hub. / 2026-07-01T00:00:00+00:00 | In Transit | Origin hub | Synthetic international dispatch. / 2026-06-30T00:00:00+00:00 | Preparing | Warehouse | Synthetic warehouse receipt.,000.000.000-00,2026-06-24,
2026-06-17,225-768,SOLARIS HOME FRITADEIRA ELÉTRICA SEM ÓLEO DIGITAL COM CAPACIDADE DE 4 LITROS,B0KUP7GPCA,Amazon,USA,900005597,AKDN-80193,1,427.3,85.46,Shipped,Otávio Jardim Ribeiro,isabelakalidossame@gmail.com,(00) 00000-0000,NX-041208-26,RCPT-073208,FedEx Demo,DEMO00019401,true,2026-06-18 00:00:00,In Transit,2026-07-05,,2026-06-26,2026-07-05,,,,USA,Fortaleza - CE,2026-09-04 09:00:00,,,2026-07-05T00:00:00+00:00 | In Transit | Destination hub | Synthetic arrival at destination hub. / 2026-06-28T00:00:00+00:00 | In Transit | Origin hub | Synthetic international dispatch. / 2026-06-26T00:00:00+00:00 | Preparing | Warehouse | Synthetic warehouse receipt.,000.000.000-00,2026-06-22,
2026-06-15,225-717,VISTA DIGITAL MONITOR LED 24 POLEGADAS FULL HD COM AJUSTE DE INCLINAÇÃO,B0FWSGXN4M,eBay,USA,900005510,AKDN-80190,1,391.38,84.35,Delivered,Larissa Jardim Ribeiro,isabelakalidossame@gmail.com,(00) 00000-0000,NX-041205-26,RCPT-073205,FedEx Demo,DEMO00019101,true,2026-06-16 00:00:00,Delivered,2026-06-27,2026-07-03,2026-06-21,2026-06-27,2026-06-29,2026-06-30,2026-07-03,USA,Porto Alegre - RS,2026-09-04 09:00:00,,,2026-07-03T00:00:00+00:00 | Delivered | Customer destination | Synthetic delivery confirmation. / 2026-06-30T00:00:00+00:00 | Out for Delivery | Distribution center | Synthetic distribution-center dispatch. / 2026-06-27T00:00:00+00:00 | In Transit | Destination hub | Synthetic arrival at destination hub. / 2026-06-23T00:00:00+00:00 | In Transit | Origin hub | Synthetic international dispatch. / 2026-06-21T00:00:00+00:00 | Preparing | Warehouse | Synthetic warehouse receipt.,000.000.000-00,2026-06-20,2026-06-29
2026-06-14,225-700,ZENITH HOME ASPIRADOR ROBÔ INTELIGENTE COM MAPEAMENTO E BASE CARREGADORA,B0EX69FAPF,Walmart,USA,900005481,AKDN-80189,2,759.18,167.96,Delivered,João Miguel Jardim Ribeiro,isabelakalidossame@gmail.com,(00) 00000-0000,NX-041204-26,RCPT-073204,UPS Demo,DEMO00019001,true,2026-06-14 00:00:00,Delivered,2026-06-28,2026-07-03,2026-06-19,2026-06-28,2026-06-29,2026-07-01,2026-07-03,USA,Recife - PE,2026-09-04 09:00:00,,,2026-07-03T00:00:00+00:00 | Delivered | Customer destination | Synthetic delivery confirmation. / 2026-07-01T00:00:00+00:00 | Out for Delivery | Distribution center | Synthetic distribution-center dispatch. / 2026-06-28T00:00:00+00:00 | In Transit | Destination hub | Synthetic arrival at destination hub. / 2026-06-20T00:00:00+00:00 | In Transit | Origin hub | Synthetic international dispatch. / 2026-06-19T00:00:00+00:00 | Preparing | Warehouse | Synthetic warehouse receipt.,000.000.000-00,2026-06-19,2026-06-28
2026-06-10,225-632,VISTA DIGITAL MONITOR LED 24 POLEGADAS FULL HD COM AJUSTE DE INCLINAÇÃO,B09ZNAEW3K,Target,USA,900005365,AKDN-80185,1,402.6,82.5,Delivered,Felipe Jardim Ribeiro,isabelakalidossame@gmail.com,(00) 00000-0000,NX-041200-26,RCPT-073200,Global Parcel Demo,DEMO00018601,true,2026-06-12 00:00:00,Delivered,2026-06-25,2026-07-02,2026-06-18,2026-06-25,2026-06-28,2026-06-30,2026-07-02,USA,Brasília - DF,2026-09-04 09:00:00,,,2026-07-02T00:00:00+00:00 | Delivered | Customer destination | Synthetic delivery confirmation. / 2026-06-30T00:00:00+00:00 | Out for Delivery | Distribution center | Synthetic distribution-center dispatch. / 2026-06-25T00:00:00+00:00 | In Transit | Destination hub | Synthetic arrival at destination hub. / 2026-06-21T00:00:00+00:00 | In Transit | Origin hub | Synthetic international dispatch. / 2026-06-18T00:00:00+00:00 | Preparing | Warehouse | Synthetic warehouse receipt.,000.000.000-00,2026-06-15,2026-06-24
2026-06-16,225-751,NOVAWAVE FONE DE OUVIDO SEM FIO COM CANCELAMENTO DE RUÍDO E ESTOJO,B0HV2YYCW3,Amazon,USA,900005568,AKDN-80192,2,830.48,170.18,Shipped,Natália Jardim Ribeiro,isabelakalidossame@gmail.com,(00) 00000-0000,NX-041207-26,RCPT-073207,UPS Demo,DEMO00019301,true,2026-06-16 00:00:00,At Distribution Center,2026-07-01,,2026-06-24,2026-07-01,,2026-06-29,,USA,Fortaleza - CE,2026-09-04 09:00:00,,,2026-07-01T00:00:00+00:00 | In Transit | Destination hub | Synthetic arrival at destination hub. / 2026-06-25T00:00:00+00:00 | In Transit | Origin hub | Synthetic international dispatch. / 2026-06-24T00:00:00+00:00 | Preparing | Warehouse | Synthetic warehouse receipt.,000.000.000-00,2026-06-21,
2026-06-16,225-734,MOTION LABS CÂMERA DE AÇÃO 4K COM ESTABILIZAÇÃO E ACESSÓRIOS,B0GVEQFZHU,Target,USA,900005539,AKDN-80191,1,403.27,84.72,Shipped,Mateus Jardim Ribeiro,isabelakalidossame@gmail.com,(00) 00000-0000,NX-041206-26,RCPT-073206,Global Parcel Demo,DEMO00019201,true,2026-06-18 00:00:00,Out for Delivery,2026-07-01,,2026-06-23,2026-07-01,,2026-06-29,,USA,Recife - PE,2026-09-04 09:00:00,,,2026-07-01T00:00:00+00:00 | In Transit | Destination hub | Synthetic arrival at destination hub. / 2026-06-26T00:00:00+00:00 | In Transit | Origin hub | Synthetic international dispatch. / 2026-06-23T00:00:00+00:00 | Preparing | Warehouse | Synthetic warehouse receipt.,000.000.000-00,2026-06-21,2026-06-30
2026-06-11,225-649,MOTION LABS CÂMERA DE AÇÃO 4K COM ESTABILIZAÇÃO E ACESSÓRIOS,B0AZAHW9GS,Amazon,USA,900005394,AKDN-80186,2,828.7,165.74,Delivered,Gabriela Jardim Ribeiro,isabelakalidossame@gmail.com,(00) 00000-0000,NX-041201-26,RCPT-073201,UPS Demo,DEMO00018701,true,2026-06-11 00:00:00,Delivered,2026-06-26,2026-07-01,2026-06-20,2026-06-26,2026-06-27,2026-06-28,2026-07-01,USA,Recife - PE,2026-09-04 09:00:00,,,2026-07-01T00:00:00+00:00 | Delivered | Customer destination | Synthetic delivery confirmation. / 2026-06-28T00:00:00+00:00 | Out for Delivery | Distribution center | Synthetic distribution-center dispatch. / 2026-06-26T00:00:00+00:00 | In Transit | Destination hub | Synthetic arrival at destination hub. / 2026-06-21T00:00:00+00:00 | In Transit | Origin hub | Synthetic international dispatch. / 2026-06-20T00:00:00+00:00 | Preparing | Warehouse | Synthetic warehouse receipt.,000.000.000-00,2026-06-16,2026-06-25
2026-06-10,225-615,ZENITH HOME ASPIRADOR ROBÔ INTELIGENTE COM MAPEAMENTO E BASE CARREGADORA,B08222WKNC,eBay,USA,900005336,AKDN-80184,1,390.94,82.13,Delivered,Elisa Jardim Ribeiro,isabelakalidossame@gmail.com,(00) 00000-0000,NX-041199-26,RCPT-073199,FedEx Demo,DEMO00018501,true,2026-06-11 00:00:00,Delivered,2026-06-27,2026-07-01,2026-06-17,2026-06-27,2026-06-29,2026-06-30,2026-07-01,USA,São Paulo - SP,2026-09-04 09:00:00,,,2026-07-01T00:00:00+00:00 | Delivered | Customer destination | Synthetic delivery confirmation. / 2026-06-30T00:00:00+00:00 | Out for Delivery | Distribution center | Synthetic distribution-center dispatch. / 2026-06-27T00:00:00+00:00 | In Transit | Destination hub | Synthetic arrival at destination hub. / 2026-06-19T00:00:00+00:00 | In Transit | Origin hub | Synthetic international dispatch. / 2026-06-17T00:00:00+00:00 | Preparing | Warehouse | Synthetic warehouse receipt.,000.000.000-00,2026-06-15,2026-06-24
2026-06-09,225-598,SOLARIS HOME FRITADEIRA ELÉTRICA SEM ÓLEO DIGITAL COM CAPACIDADE DE 4 LITROS,B072DSD796,Walmart,USA,900005307,AKDN-80183,2,758.73,163.52,Delivered,Daniel Jardim Ribeiro,isabelakalidossame@gmail.com,(00) 00000-0000,NX-041198-26,RCPT-073198,UPS Demo,DEMO00018401,true,2026-06-09 00:00:00,Delivered,2026-06-23,2026-06-30,2026-06-15,2026-06-23,2026-06-24,2026-06-26,2026-06-30,USA,Rio de Janeiro - RJ,2026-09-04 09:00:00,,,2026-06-30T00:00:00+00:00 | Delivered | Customer destination | Synthetic delivery confirmation. / 2026-06-26T00:00:00+00:00 | Out for Delivery | Distribution center | Synthetic distribution-center dispatch. / 2026-06-23T00:00:00+00:00 | In Transit | Destination hub | Synthetic arrival at destination hub. / 2026-06-16T00:00:00+00:00 | In Transit | Origin hub | Synthetic international dispatch. / 2026-06-15T00:00:00+00:00 | Preparing | Warehouse | Synthetic warehouse receipt.,000.000.000-00,2026-06-14,2026-06-23
2026-06-25,225-921,NOVAWAVE FONE DE OUVIDO SEM FIO COM CANCELAMENTO DE RUÍDO E ESTOJO,B0VPCC2TZ7,eBay,USA,900005858,AKDN-80202,1,390.68,88.79,Cancelled,Camila Klein Martins,isabelakalidossame@gmail.com,(00) 00000-0000,,,,,false,,Cancelled,,,,,,,,USA,Goiânia - GO,2026-09-04 09:00:00,Cancelled by demo store,2026-06-28 00:00:00,,000.000.000-00,,
2026-06-24,225-904,MOTION LABS CÂMERA DE AÇÃO 4K COM ESTABILIZAÇÃO E ACESSÓRIOS,B0UPP5JGLZ,Walmart,USA,900005829,AKDN-80201,2,905.42,176.84,Cancelled,Bruno Klein Martins,isabelakalidossame@gmail.com,(00) 00000-0000,,,,,false,,Cancelled,,,,,,,,USA,São Paulo - SP,2026-09-04 09:00:00,Cancelled by demo customer,2026-06-26 00:00:00,,000.000.000-00,,
2026-06-23,225-887,VISTA DIGITAL MONITOR LED 24 POLEGADAS FULL HD COM AJUSTE DE INCLINAÇÃO,B0TQ3VZ57S,Amazon,USA,900005800,AKDN-80200,1,440.25,88.05,Cancelled,Ana Clara Klein Martins,isabelakalidossame@gmail.com,(00) 00000-0000,,,,,false,,Cancelled,,,,,,,,USA,Porto Alegre - RS,2026-09-04 09:00:00,Cancelled by demo store,2026-06-24 00:00:00,,000.000.000-00,,
2026-05-26,225-326,NOVAWAVE FONE DE OUVIDO SEM FIO COM CANCELAMENTO DE RUÍDO E ESTOJO,B0LDCY9MPQ,Target,USA,900004843,AKDN-80167,1,333.7,75.84,Delivered,Heitor Ibrahim Costa,isabelakalidossame@gmail.com,(00) 00000-0000,NX-041182-26,RCPT-073182,Global Parcel Demo,DEMO00016801,true,2026-05-28 00:00:00,Delivered,2026-06-15,2026-06-24,2026-06-06,2026-06-15,2026-06-18,2026-06-20,2026-06-24,USA,Fortaleza - CE,2026-09-04 09:00:00,,,2026-06-24T00:00:00+00:00 | Delivered | Customer destination | Synthetic delivery confirmation. / 2026-06-20T00:00:00+00:00 | Out for Delivery | Distribution center | Synthetic distribution-center dispatch. / 2026-06-15T00:00:00+00:00 | In Transit | Destination hub | Synthetic arrival at destination hub. / 2026-06-09T00:00:00+00:00 | In Transit | Origin hub | Synthetic international dispatch. / 2026-06-06T00:00:00+00:00 | Preparing | Warehouse | Synthetic warehouse receipt.,000.000.000-00,2026-05-31,2026-06-09
2026-06-22,225-870,ZENITH HOME ASPIRADOR ROBÔ INTELIGENTE COM MAPEAMENTO E BASE CARREGADORA,B0SQFMHSSK,Amazon,USA,900005771,AKDN-80199,1,427.88,87.68,Pending,William Jardim Ribeiro,isabelakalidossame@gmail.com,(00) 00000-0000,,,,,true,2026-06-23 00:00:00,Preparing,,,2026-06-25,,,,,USA,Salvador - BA,2026-09-04 09:00:00,,,,000.000.000-00,,
2026-06-21,225-836,NOVAWAVE FONE DE OUVIDO SEM FIO COM CANCELAMENTO DE RUÍDO E ESTOJO,B0PS76H4Y5,Target,USA,900005713,AKDN-80197,1,403.4,86.94,Pending,Tiago Jardim Ribeiro,isabelakalidossame@gmail.com,(00) 00000-0000,,,,,true,2026-06-23 00:00:00,Preparing,,,2026-06-24,,,,,USA,Porto Alegre - RS,2026-09-04 09:00:00,,,,000.000.000-00,,
2026-06-22,225-853,SOLARIS HOME FRITADEIRA ELÉTRICA SEM ÓLEO DIGITAL COM CAPACIDADE DE 4 LITROS,B0QRTEZFDC,Amazon,USA,900005742,AKDN-80198,2,831.19,174.62,Pending,Vitória Jardim Ribeiro,isabelakalidossame@gmail.com,(00) 00000-0000,,,,,true,2026-06-22 00:00:00,Preparing,,,2026-06-25,,,,,USA,Curitiba - PR,2026-09-04 09:00:00,,,,000.000.000-00,,
2026-06-01,225-445,ZENITH HOME ASPIRADOR ROBÔ INTELIGENTE COM MAPEAMENTO E BASE CARREGADORA,B0U8QMT3K8,Amazon,USA,900005046,AKDN-80174,2,690.18,156.86,Shipped,Paula Ibrahim Costa,isabelakalidossame@gmail.com,(00) 00000-0000,NX-041189-26,RCPT-073189,UPS Demo,DEMO00017501,true,2026-06-01 00:00:00,At Distribution Center,2026-06-21,,2026-06-12,2026-06-21,,2026-06-14,,USA,Belo Horizonte - MG,2026-09-04 09:00:00,,,2026-06-21T00:00:00+00:00 | In Transit | Destination hub | Synthetic arrival at destination hub. / 2026-06-13T00:00:00+00:00 | In Transit | Origin hub | Synthetic international dispatch. / 2026-06-12T00:00:00+00:00 | Preparing | Warehouse | Synthetic warehouse receipt.,000.000.000-00,2026-06-06,
2026-05-31,225-428,SOLARIS HOME FRITADEIRA ELÉTRICA SEM ÓLEO DIGITAL COM CAPACIDADE DE 4 LITROS,B0T94EBQ6Z,Target,USA,900005017,AKDN-80173,1,399.67,78.06,Shipped,Otávio Ibrahim Costa,isabelakalidossame@gmail.com,(00) 00000-0000,NX-041188-26,RCPT-073188,Global Parcel Demo,DEMO00017401,true,2026-06-02 00:00:00,Out for Delivery,2026-06-20,,2026-06-10,2026-06-20,,2026-06-13,,USA,Fortaleza - CE,2026-09-04 09:00:00,,,2026-06-20T00:00:00+00:00 | In Transit | Destination hub | Synthetic arrival at destination hub. / 2026-06-13T00:00:00+00:00 | In Transit | Origin hub | Synthetic international dispatch. / 2026-06-10T00:00:00+00:00 | Preparing | Warehouse | Synthetic warehouse receipt.,000.000.000-00,2026-06-05,2026-06-14
2026-05-29,225-377,VISTA DIGITAL MONITOR LED 24 POLEGADAS FULL HD COM AJUSTE DE INCLINAÇÃO,B0PB8PSNWD,Amazon,USA,900004930,AKDN-80170,1,366.28,76.95,Delivered,Larissa Ibrahim Costa,isabelakalidossame@gmail.com,(00) 00000-0000,NX-041185-26,RCPT-073185,Global Parcel Demo,DEMO00017101,true,2026-05-31 00:00:00,Delivered,2026-06-12,2026-06-19,2026-06-05,2026-06-12,2026-06-15,2026-06-16,2026-06-19,USA,Goiânia - GO,2026-09-04 09:00:00,,,2026-06-19T00:00:00+00:00 | Delivered | Customer destination | Synthetic delivery confirmation. / 2026-06-16T00:00:00+00:00 | Out for Delivery | Distribution center | Synthetic distribution-center dispatch. / 2026-06-12T00:00:00+00:00 | In Transit | Destination hub | Synthetic arrival at destination hub. / 2026-06-08T00:00:00+00:00 | In Transit | Origin hub | Synthetic international dispatch. / 2026-06-05T00:00:00+00:00 | Preparing | Warehouse | Synthetic warehouse receipt.,000.000.000-00,2026-06-03,2026-06-12
2026-05-28,225-360,ZENITH HOME ASPIRADOR ROBÔ INTELIGENTE COM MAPEAMENTO E BASE CARREGADORA,B0NBLFABH6,Amazon,USA,900004901,AKDN-80169,1,355.33,76.58,Delivered,João Miguel Ibrahim Costa,isabelakalidossame@gmail.com,(00) 00000-0000,NX-041184-26,RCPT-073184,FedEx Demo,DEMO00017001,true,2026-05-29 00:00:00,Delivered,2026-06-13,2026-06-19,2026-06-03,2026-06-13,2026-06-15,2026-06-17,2026-06-19,USA,Fortaleza - CE,2026-09-04 09:00:00,,,2026-06-19T00:00:00+00:00 | Delivered | Customer destination | Synthetic delivery confirmation. / 2026-06-17T00:00:00+00:00 | Out for Delivery | Distribution center | Synthetic distribution-center dispatch. / 2026-06-13T00:00:00+00:00 | In Transit | Destination hub | Synthetic arrival at destination hub. / 2026-06-05T00:00:00+00:00 | In Transit | Origin hub | Synthetic international dispatch. / 2026-06-03T00:00:00+00:00 | Preparing | Warehouse | Synthetic warehouse receipt.,000.000.000-00,2026-06-02,2026-06-11
2026-05-25,225-309,MOTION LABS CÂMERA DE AÇÃO 4K COM ESTABILIZAÇÃO E ACESSÓRIOS,B0KDQQRAAJ,eBay,USA,900004814,AKDN-80166,1,386.41,75.47,Delivered,Gabriela Ibrahim Costa,isabelakalidossame@gmail.com,(00) 00000-0000,NX-041181-26,RCPT-073181,FedEx Demo,DEMO00016701,true,2026-05-26 00:00:00,Delivered,2026-06-11,2026-06-17,2026-06-04,2026-06-11,2026-06-13,2026-06-14,2026-06-17,USA,Brasília - DF,2026-09-04 09:00:00,,,2026-06-17T00:00:00+00:00 | Delivered | Customer destination | Synthetic delivery confirmation. / 2026-06-14T00:00:00+00:00 | Out for Delivery | Distribution center | Synthetic distribution-center dispatch. / 2026-06-11T00:00:00+00:00 | In Transit | Destination hub | Synthetic arrival at destination hub. / 2026-06-06T00:00:00+00:00 | In Transit | Origin hub | Synthetic international dispatch. / 2026-06-04T00:00:00+00:00 | Preparing | Warehouse | Synthetic warehouse receipt.,000.000.000-00,2026-05-30,2026-06-08
2026-05-24,225-275,ZENITH HOME ASPIRADOR ROBÔ INTELIGENTE COM MAPEAMENTO E BASE CARREGADORA,B0GEF9RLG4,Amazon,USA,900004756,AKDN-80164,1,364.68,74.73,Delivered,Elisa Ibrahim Costa,isabelakalidossame@gmail.com,(00) 00000-0000,NX-041179-26,RCPT-073179,Global Parcel Demo,DEMO00016501,true,2026-05-26 00:00:00,Delivered,2026-06-12,2026-06-17,2026-06-01,2026-06-12,2026-06-15,2026-06-16,2026-06-17,USA,Belo Horizonte - MG,2026-09-04 09:00:00,,,2026-06-17T00:00:00+00:00 | Delivered | Customer destination | Synthetic delivery confirmation. / 2026-06-16T00:00:00+00:00 | Out for Delivery | Distribution center | Synthetic distribution-center dispatch. / 2026-06-12T00:00:00+00:00 | In Transit | Destination hub | Synthetic arrival at destination hub. / 2026-06-04T00:00:00+00:00 | In Transit | Origin hub | Synthetic international dispatch. / 2026-06-01T00:00:00+00:00 | Preparing | Warehouse | Synthetic warehouse receipt.,000.000.000-00,2026-05-29,2026-06-07
2026-05-30,225-411,NOVAWAVE FONE DE OUVIDO SEM FIO COM CANCELAMENTO DE RUÍDO E ESTOJO,B0S9G6TDRS,eBay,USA,900004988,AKDN-80172,1,388.45,77.69,Shipped,Natália Ibrahim Costa,isabelakalidossame@gmail.com,(00) 00000-0000,NX-041187-26,RCPT-073187,FedEx Demo,DEMO00017301,true,2026-05-31 00:00:00,At Distribution Center,2026-06-16,,2026-06-08,2026-06-16,,2026-06-12,,USA,Goiânia - GO,2026-09-04 09:00:00,,,2026-06-16T00:00:00+00:00 | In Transit | Destination hub | Synthetic arrival at destination hub. / 2026-06-10T00:00:00+00:00 | In Transit | Origin hub | Synthetic international dispatch. / 2026-06-08T00:00:00+00:00 | Preparing | Warehouse | Synthetic warehouse receipt.,000.000.000-00,2026-06-04,
2026-05-23,225-258,SOLARIS HOME FRITADEIRA ELÉTRICA SEM ÓLEO DIGITAL COM CAPACIDADE DE 4 LITROS,B0FFTZ983V,Amazon,USA,900004727,AKDN-80163,1,353.95,74.36,Delivered,Daniel Ibrahim Costa,isabelakalidossame@gmail.com,(00) 00000-0000,NX-041178-26,RCPT-073178,FedEx Demo,DEMO00016401,true,2026-05-24 00:00:00,Delivered,2026-06-08,2026-06-16,2026-05-30,2026-06-08,2026-06-10,2026-06-12,2026-06-16,USA,Curitiba - PR,2026-09-04 09:00:00,,,2026-06-16T00:00:00+00:00 | Delivered | Customer destination | Synthetic delivery confirmation. / 2026-06-12T00:00:00+00:00 | Out for Delivery | Distribution center | Synthetic distribution-center dispatch. / 2026-06-08T00:00:00+00:00 | In Transit | Destination hub | Synthetic arrival at destination hub. / 2026-06-01T00:00:00+00:00 | In Transit | Origin hub | Synthetic international dispatch. / 2026-05-30T00:00:00+00:00 | Preparing | Warehouse | Synthetic warehouse receipt.,000.000.000-00,2026-05-28,2026-06-06
2026-06-02,225-462,VISTA DIGITAL MONITOR LED 24 POLEGADAS FULL HD COM AJUSTE DE INCLINAÇÃO,B0V7DVBEYF,Amazon,USA,900005075,AKDN-80175,1,356.18,78.8,Shipped,Rafael Ibrahim Costa,isabelakalidossame@gmail.com,(00) 00000-0000,NX-041190-26,RCPT-073190,FedEx Demo,DEMO00017601,true,2026-06-03 00:00:00,In Transit,2026-06-13,,2026-06-07,2026-06-13,,,,USA,São Paulo - SP,2026-09-04 09:00:00,,,2026-06-13T00:00:00+00:00 | In Transit | Destination hub | Synthetic arrival at destination hub. / 2026-06-09T00:00:00+00:00 | In Transit | Origin hub | Synthetic international dispatch. / 2026-06-07T00:00:00+00:00 | Preparing | Warehouse | Synthetic warehouse receipt.,000.000.000-00,2026-06-07,
2026-05-30,225-394,MOTION LABS CÂMERA DE AÇÃO 4K COM ESTABILIZAÇÃO E ACESSÓRIOS,B0RAUWA2BL,Walmart,USA,900004959,AKDN-80171,2,754.64,154.64,Shipped,Mateus Ibrahim Costa,isabelakalidossame@gmail.com,(00) 00000-0000,NX-041186-26,RCPT-073186,UPS Demo,DEMO00017201,true,2026-05-30 00:00:00,Out for Delivery,2026-06-13,,2026-06-07,2026-06-13,,2026-06-12,,USA,Belo Horizonte - MG,2026-09-04 09:00:00,,,2026-06-13T00:00:00+00:00 | In Transit | Destination hub | Synthetic arrival at destination hub. / 2026-06-08T00:00:00+00:00 | In Transit | Origin hub | Synthetic international dispatch. / 2026-06-07T00:00:00+00:00 | Preparing | Warehouse | Synthetic warehouse receipt.,000.000.000-00,2026-06-04,2026-06-13
2026-05-25,225-292,VISTA DIGITAL MONITOR LED 24 POLEGADAS FULL HD COM AJUSTE DE INCLINAÇÃO,B0JE3G9XVB,Walmart,USA,900004785,AKDN-80165,2,751,150.2,Delivered,Felipe Ibrahim Costa,isabelakalidossame@gmail.com,(00) 00000-0000,NX-041180-26,RCPT-073180,UPS Demo,DEMO00016601,true,2026-05-25 00:00:00,Delivered,2026-06-08,2026-06-13,2026-06-03,2026-06-08,2026-06-09,2026-06-11,2026-06-13,USA,Curitiba - PR,2026-09-04 09:00:00,,,2026-06-13T00:00:00+00:00 | Delivered | Customer destination | Synthetic delivery confirmation. / 2026-06-11T00:00:00+00:00 | Out for Delivery | Distribution center | Synthetic distribution-center dispatch. / 2026-06-08T00:00:00+00:00 | In Transit | Destination hub | Synthetic arrival at destination hub. / 2026-06-04T00:00:00+00:00 | In Transit | Origin hub | Synthetic international dispatch. / 2026-06-03T00:00:00+00:00 | Preparing | Warehouse | Synthetic warehouse receipt.,000.000.000-00,2026-05-30,2026-06-08
2026-05-27,225-343,SOLARIS HOME FRITADEIRA ELÉTRICA SEM ÓLEO DIGITAL COM CAPACIDADE DE 4 LITROS,B0MCY7SY4X,Amazon,USA,900004872,AKDN-80168,2,688.94,152.42,Delivered,Isadora Ibrahim Costa,isabelakalidossame@gmail.com,(00) 00000-0000,NX-041183-26,RCPT-073183,UPS Demo,DEMO00016901,true,2026-05-27 00:00:00,Delivered,2026-06-09,2026-06-12,2026-06-01,2026-06-09,2026-06-10,2026-06-11,2026-06-12,USA,Fortaleza - CE,2026-09-04 09:00:00,,,2026-06-12T00:00:00+00:00 | Delivered | Customer destination | Synthetic delivery confirmation. / 2026-06-11T00:00:00+00:00 | Out for Delivery | Distribution center | Synthetic distribution-center dispatch. / 2026-06-09T00:00:00+00:00 | In Transit | Destination hub | Synthetic arrival at destination hub. / 2026-06-02T00:00:00+00:00 | In Transit | Origin hub | Synthetic international dispatch. / 2026-06-01T00:00:00+00:00 | Preparing | Warehouse | Synthetic warehouse receipt.,000.000.000-00,2026-06-01,2026-06-10
2026-06-08,225-581,NOVAWAVE FONE DE OUVIDO SEM FIO COM CANCELAMENTO DE RUÍDO E ESTOJO,B063RKVUUX,Amazon,USA,900005278,AKDN-80182,1,367.88,81.39,Cancelled,Camila Jardim Ribeiro,isabelakalidossame@gmail.com,(00) 00000-0000,,,,,false,,Cancelled,,,,,,,,USA,Brasília - DF,2026-09-04 09:00:00,Cancelled by demo store,2026-06-11 00:00:00,,000.000.000-00,,
2026-06-07,225-564,MOTION LABS CÂMERA DE AÇÃO 4K COM ESTABILIZAÇÃO E ACESSÓRIOS,B0445BDHEQ,Amazon,USA,900005249,AKDN-80181,1,356.49,81.02,Cancelled,Bruno Jardim Ribeiro,isabelakalidossame@gmail.com,(00) 00000-0000,,,,,false,,Cancelled,,,,,,,,USA,Belo Horizonte - MG,2026-09-04 09:00:00,Cancelled by demo customer,2026-06-09 00:00:00,,000.000.000-00,,
2026-06-06,225-547,VISTA DIGITAL MONITOR LED 24 POLEGADAS FULL HD COM AJUSTE DE INCLINAÇÃO,B034H3V6ZH,Amazon,USA,900005220,AKDN-80180,2,825.86,161.3,Cancelled,Ana Clara Jardim Ribeiro,isabelakalidossame@gmail.com,(00) 00000-0000,,,,,false,,Cancelled,,,,,,,,USA,Porto Alegre - RS,2026-09-04 09:00:00,Cancelled by demo store,2026-06-07 00:00:00,,000.000.000-00,,
2026-06-05,225-530,ZENITH HOME ASPIRADOR ROBÔ INTELIGENTE COM MAPEAMENTO E BASE CARREGADORA,B025VUCTLA,Target,USA,900005191,AKDN-80179,1,401.4,80.28,Pending,William Ibrahim Costa,isabelakalidossame@gmail.com,(00) 00000-0000,,,,,true,2026-06-07 00:00:00,Preparing,,,2026-06-08,,,,,USA,Goiânia - GO,2026-09-04 09:00:00,,,,000.000.000-00,,
2026-06-05,225-513,SOLARIS HOME FRITADEIRA ELÉTRICA SEM ÓLEO DIGITAL COM CAPACIDADE DE 4 LITROS,B0Z69LUG73,eBay,USA,900005162,AKDN-80178,1,389.96,79.91,Pending,Vitória Ibrahim Costa,isabelakalidossame@gmail.com,(00) 00000-0000,,,,,true,2026-06-06 00:00:00,Preparing,,,2026-06-08,,,,,USA,Rio de Janeiro - RJ,2026-09-04 09:00:00,,,,000.000.000-00,,
2026-05-11,225-020,ZENITH HOME ASPIRADOR ROBÔ INTELIGENTE COM MAPEAMENTO E BASE CARREGADORA,B0XQ2N5CBV,Target,USA,900004321,AKDN-80149,1,329.3,69.18,Delivered,João Miguel Henrique Moreira,isabelakalidossame@gmail.com,(00) 00000-0000,NX-041164-26,RCPT-073164,Global Parcel Demo,DEMO00015001,true,2026-05-13 00:00:00,Delivered,2026-05-29,2026-06-05,2026-05-18,2026-05-29,2026-06-01,2026-06-03,2026-06-05,USA,Curitiba - PR,2026-09-04 09:00:00,,,2026-06-05T00:00:00+00:00 | Delivered | Customer destination | Synthetic delivery confirmation. / 2026-06-03T00:00:00+00:00 | Out for Delivery | Distribution center | Synthetic distribution-center dispatch. / 2026-05-29T00:00:00+00:00 | In Transit | Destination hub | Synthetic arrival at destination hub. / 2026-05-21T00:00:00+00:00 | In Transit | Origin hub | Synthetic international dispatch. / 2026-05-18T00:00:00+00:00 | Preparing | Warehouse | Synthetic warehouse receipt.,000.000.000-00,2026-05-16,2026-05-25
2026-06-04,225-496,NOVAWAVE FONE DE OUVIDO SEM FIO COM CANCELAMENTO DE RUÍDO E ESTOJO,B0Y6MCC5SV,Walmart,USA,900005133,AKDN-80177,2,757.22,159.08,Pending,Tiago Ibrahim Costa,isabelakalidossame@gmail.com,(00) 00000-0000,,,,,true,2026-06-04 00:00:00,Preparing,,,2026-06-07,,,,,USA,Salvador - BA,2026-09-04 09:00:00,,,,000.000.000-00,,
2026-05-08,224-969,MOTION LABS CÂMERA DE AÇÃO 4K COM ESTABILIZAÇÃO E ACESSÓRIOS,B0TS5XLB49,Amazon,USA,900004234,AKDN-80146,1,299.51,68.07,Delivered,Gabriela Henrique Moreira,isabelakalidossame@gmail.com,(00) 00000-0000,NX-041161-26,RCPT-073161,Global Parcel Demo,DEMO00014701,true,2026-05-10 00:00:00,Delivered,2026-05-27,2026-06-03,2026-05-19,2026-05-27,2026-05-30,2026-05-31,2026-06-03,USA,Belo Horizonte - MG,2026-09-04 09:00:00,,,2026-06-03T00:00:00+00:00 | Delivered | Customer destination | Synthetic delivery confirmation. / 2026-05-31T00:00:00+00:00 | Out for Delivery | Distribution center | Synthetic distribution-center dispatch. / 2026-05-27T00:00:00+00:00 | In Transit | Destination hub | Synthetic arrival at destination hub. / 2026-05-22T00:00:00+00:00 | In Transit | Origin hub | Synthetic international dispatch. / 2026-05-19T00:00:00+00:00 | Preparing | Warehouse | Synthetic warehouse receipt.,000.000.000-00,2026-05-13,2026-05-22
2026-05-14,225-088,SOLARIS HOME FRITADEIRA ELÉTRICA SEM ÓLEO DIGITAL COM CAPACIDADE DE 4 LITROS,B03MJL6RYR,Walmart,USA,900004437,AKDN-80153,2,621.81,141.32,Shipped,Otávio Henrique Moreira,isabelakalidossame@gmail.com,(00) 00000-0000,NX-041168-26,RCPT-073168,UPS Demo,DEMO00015401,true,2026-05-14 00:00:00,In Transit,2026-06-02,,2026-05-25,2026-06-02,,,,USA,Porto Alegre - RS,2026-09-04 09:00:00,,,2026-06-02T00:00:00+00:00 | In Transit | Destination hub | Synthetic arrival at destination hub. / 2026-05-26T00:00:00+00:00 | In Transit | Origin hub | Synthetic international dispatch. / 2026-05-25T00:00:00+00:00 | Preparing | Warehouse | Synthetic warehouse receipt.,000.000.000-00,2026-05-19,
2026-05-06,224-918,SOLARIS HOME FRITADEIRA ELÉTRICA SEM ÓLEO DIGITAL COM CAPACIDADE DE 4 LITROS,B0QU9849VL,Target,USA,900004147,AKDN-80143,1,326.76,66.96,Delivered,Daniel Henrique Moreira,isabelakalidossame@gmail.com,(00) 00000-0000,NX-041158-26,RCPT-073158,Global Parcel Demo,DEMO00014401,true,2026-05-08 00:00:00,Delivered,2026-05-24,2026-06-02,2026-05-14,2026-05-24,2026-05-27,2026-05-29,2026-06-02,USA,Recife - PE,2026-09-04 09:00:00,,,2026-06-02T00:00:00+00:00 | Delivered | Customer destination | Synthetic delivery confirmation. / 2026-05-29T00:00:00+00:00 | Out for Delivery | Distribution center | Synthetic distribution-center dispatch. / 2026-05-24T00:00:00+00:00 | In Transit | Destination hub | Synthetic arrival at destination hub. / 2026-05-17T00:00:00+00:00 | In Transit | Origin hub | Synthetic international dispatch. / 2026-05-14T00:00:00+00:00 | Preparing | Warehouse | Synthetic warehouse receipt.,000.000.000-00,2026-05-11,2026-05-20
2026-05-13,225-071,NOVAWAVE FONE DE OUVIDO SEM FIO COM CANCELAMENTO DE RUÍDO E ESTOJO,B02NWDNEKJ,Amazon,USA,900004408,AKDN-80152,1,359.88,70.29,Shipped,Natália Henrique Moreira,isabelakalidossame@gmail.com,(00) 00000-0000,NX-041167-26,RCPT-073167,Global Parcel Demo,DEMO00015301,true,2026-05-15 00:00:00,At Distribution Center,2026-06-01,,2026-05-23,2026-06-01,,2026-05-26,,USA,Salvador - BA,2026-09-04 09:00:00,,,2026-06-01T00:00:00+00:00 | In Transit | Destination hub | Synthetic arrival at destination hub. / 2026-05-26T00:00:00+00:00 | In Transit | Origin hub | Synthetic international dispatch. / 2026-05-23T00:00:00+00:00 | Preparing | Warehouse | Synthetic warehouse receipt.,000.000.000-00,2026-05-18,
2026-05-15,225-105,ZENITH HOME ASPIRADOR ROBÔ INTELIGENTE COM MAPEAMENTO E BASE CARREGADORA,B05M6UN4DY,eBay,USA,900004466,AKDN-80154,1,321.06,71.03,Shipped,Paula Henrique Moreira,isabelakalidossame@gmail.com,(00) 00000-0000,NX-041169-26,RCPT-073169,FedEx Demo,DEMO00015501,true,2026-05-16 00:00:00,In Transit,2026-05-30,,2026-05-20,2026-05-30,,,,USA,Brasília - DF,2026-09-04 09:00:00,,,2026-05-30T00:00:00+00:00 | In Transit | Destination hub | Synthetic arrival at destination hub. / 2026-05-22T00:00:00+00:00 | In Transit | Origin hub | Synthetic international dispatch. / 2026-05-20T00:00:00+00:00 | Preparing | Warehouse | Synthetic warehouse receipt.,000.000.000-00,2026-05-20,
2026-05-12,225-037,VISTA DIGITAL MONITOR LED 24 POLEGADAS FULL HD COM AJUSTE DE INCLINAÇÃO,B0YPNVMPR4,Amazon,USA,900004350,AKDN-80150,2,678.81,139.1,Delivered,Larissa Henrique Moreira,isabelakalidossame@gmail.com,(00) 00000-0000,NX-041165-26,RCPT-073165,UPS Demo,DEMO00015101,true,2026-05-12 00:00:00,Delivered,2026-05-25,2026-05-30,2026-05-20,2026-05-25,2026-05-26,2026-05-27,2026-05-30,USA,Belo Horizonte - MG,2026-09-04 09:00:00,,,2026-05-30T00:00:00+00:00 | Delivered | Customer destination | Synthetic delivery confirmation. / 2026-05-27T00:00:00+00:00 | Out for Delivery | Distribution center | Synthetic distribution-center dispatch. / 2026-05-25T00:00:00+00:00 | In Transit | Destination hub | Synthetic arrival at destination hub. / 2026-05-21T00:00:00+00:00 | In Transit | Origin hub | Synthetic international dispatch. / 2026-05-20T00:00:00+00:00 | Preparing | Warehouse | Synthetic warehouse receipt.,000.000.000-00,2026-05-17,2026-05-26
2026-05-08,224-952,VISTA DIGITAL MONITOR LED 24 POLEGADAS FULL HD COM AJUSTE DE INCLINAÇÃO,B0SSHP4YP2,Amazon,USA,900004205,AKDN-80145,1,346.62,67.7,Delivered,Felipe Henrique Moreira,isabelakalidossame@gmail.com,(00) 00000-0000,NX-041160-26,RCPT-073160,FedEx Demo,DEMO00014601,true,2026-05-09 00:00:00,Delivered,2026-05-24,2026-05-30,2026-05-18,2026-05-24,2026-05-26,2026-05-28,2026-05-30,USA,Salvador - BA,2026-09-04 09:00:00,,,2026-05-30T00:00:00+00:00 | Delivered | Customer destination | Synthetic delivery confirmation. / 2026-05-28T00:00:00+00:00 | Out for Delivery | Distribution center | Synthetic distribution-center dispatch. / 2026-05-24T00:00:00+00:00 | In Transit | Destination hub | Synthetic arrival at destination hub. / 2026-05-20T00:00:00+00:00 | In Transit | Origin hub | Synthetic international dispatch. / 2026-05-18T00:00:00+00:00 | Preparing | Warehouse | Synthetic warehouse receipt.,000.000.000-00,2026-05-13,2026-05-22
2026-05-16,225-122,VISTA DIGITAL MONITOR LED 24 POLEGADAS FULL HD COM AJUSTE DE INCLINAÇÃO,B06LS47FS6,Target,USA,900004495,AKDN-80155,1,331.3,71.4,Shipped,Rafael Henrique Moreira,isabelakalidossame@gmail.com,(00) 00000-0000,NX-041170-26,RCPT-073170,Global Parcel Demo,DEMO00015601,true,2026-05-18 00:00:00,In Transit,2026-05-29,,2026-05-22,2026-05-29,,,,USA,Belo Horizonte - MG,2026-09-04 09:00:00,,,2026-05-29T00:00:00+00:00 | In Transit | Destination hub | Synthetic arrival at destination hub. / 2026-05-25T00:00:00+00:00 | In Transit | Origin hub | Synthetic international dispatch. / 2026-05-22T00:00:00+00:00 | Preparing | Warehouse | Synthetic warehouse receipt.,000.000.000-00,2026-05-21,
2026-05-13,225-054,MOTION LABS CÂMERA DE AÇÃO 4K COM ESTABILIZAÇÃO E ACESSÓRIOS,B0ZPA5636B,Amazon,USA,900004379,AKDN-80151,1,349.6,69.92,Shipped,Mateus Henrique Moreira,isabelakalidossame@gmail.com,(00) 00000-0000,NX-041166-26,RCPT-073166,FedEx Demo,DEMO00015201,true,2026-05-14 00:00:00,At Distribution Center,2026-05-29,,2026-05-22,2026-05-29,,2026-05-26,,USA,Fortaleza - CE,2026-09-04 09:00:00,,,2026-05-29T00:00:00+00:00 | In Transit | Destination hub | Synthetic arrival at destination hub. / 2026-05-24T00:00:00+00:00 | In Transit | Origin hub | Synthetic international dispatch. / 2026-05-22T00:00:00+00:00 | Preparing | Warehouse | Synthetic warehouse receipt.,000.000.000-00,2026-05-18,
2026-05-10,225-003,SOLARIS HOME FRITADEIRA ELÉTRICA SEM ÓLEO DIGITAL COM CAPACIDADE DE 4 LITROS,B0WQEEMZWP,eBay,USA,900004292,AKDN-80148,1,319.28,68.81,Delivered,Isadora Henrique Moreira,isabelakalidossame@gmail.com,(00) 00000-0000,NX-041163-26,RCPT-073163,FedEx Demo,DEMO00014901,true,2026-05-11 00:00:00,Delivered,2026-05-25,2026-05-29,2026-05-16,2026-05-25,2026-05-27,2026-05-28,2026-05-29,USA,Recife - PE,2026-09-04 09:00:00,,,2026-05-29T00:00:00+00:00 | Delivered | Customer destination | Synthetic delivery confirmation. / 2026-05-28T00:00:00+00:00 | Out for Delivery | Distribution center | Synthetic distribution-center dispatch. / 2026-05-25T00:00:00+00:00 | In Transit | Destination hub | Synthetic arrival at destination hub. / 2026-05-18T00:00:00+00:00 | In Transit | Origin hub | Synthetic international dispatch. / 2026-05-16T00:00:00+00:00 | Preparing | Warehouse | Synthetic warehouse receipt.,000.000.000-00,2026-05-15,2026-05-24
2026-05-09,224-986,NOVAWAVE FONE DE OUVIDO SEM FIO COM CANCELAMENTO DE RUÍDO E ESTOJO,B0URR65NHG,Walmart,USA,900004263,AKDN-80147,2,618.7,136.88,Delivered,Heitor Henrique Moreira,isabelakalidossame@gmail.com,(00) 00000-0000,NX-041162-26,RCPT-073162,UPS Demo,DEMO00014801,true,2026-05-09 00:00:00,Delivered,2026-05-21,2026-05-28,2026-05-14,2026-05-21,2026-05-22,2026-05-24,2026-05-28,USA,Recife - PE,2026-09-04 09:00:00,,,2026-05-28T00:00:00+00:00 | Delivered | Customer destination | Synthetic delivery confirmation. / 2026-05-24T00:00:00+00:00 | Out for Delivery | Distribution center | Synthetic distribution-center dispatch. / 2026-05-21T00:00:00+00:00 | In Transit | Destination hub | Synthetic arrival at destination hub. / 2026-05-15T00:00:00+00:00 | In Transit | Origin hub | Synthetic international dispatch. / 2026-05-14T00:00:00+00:00 | Preparing | Warehouse | Synthetic warehouse receipt.,000.000.000-00,2026-05-14,2026-05-23
2026-05-07,224-935,ZENITH HOME ASPIRADOR ROBÔ INTELIGENTE COM MAPEAMENTO E BASE CARREGADORA,B0RTVFLLAT,Amazon,USA,900004176,AKDN-80144,2,673.3,134.66,Delivered,Elisa Henrique Moreira,isabelakalidossame@gmail.com,(00) 00000-0000,NX-041159-26,RCPT-073159,UPS Demo,DEMO00014501,true,2026-05-07 00:00:00,Delivered,2026-05-25,2026-05-28,2026-05-16,2026-05-25,2026-05-26,2026-05-27,2026-05-28,USA,Recife - PE,2026-09-04 09:00:00,,,2026-05-28T00:00:00+00:00 | Delivered | Customer destination | Synthetic delivery confirmation. / 2026-05-27T00:00:00+00:00 | Out for Delivery | Distribution center | Synthetic distribution-center dispatch. / 2026-05-25T00:00:00+00:00 | In Transit | Destination hub | Synthetic arrival at destination hub. / 2026-05-17T00:00:00+00:00 | In Transit | Origin hub | Synthetic international dispatch. / 2026-05-16T00:00:00+00:00 | Preparing | Warehouse | Synthetic warehouse receipt.,000.000.000-00,2026-05-12,2026-05-21
2026-05-22,225-241,NOVAWAVE FONE DE OUVIDO SEM FIO COM CANCELAMENTO DE RUÍDO E ESTOJO,B0EG7RQVNN,Amazon,USA,900004698,AKDN-80162,2,686.63,147.98,Cancelled,Camila Ibrahim Costa,isabelakalidossame@gmail.com,(00) 00000-0000,,,,,false,,Cancelled,,,,,,,,USA,Manaus - AM,2026-09-04 09:00:00,Cancelled by demo store,2026-05-25 00:00:00,,000.000.000-00,,
2026-05-21,225-224,MOTION LABS CÂMERA DE AÇÃO 4K COM ESTABILIZAÇÃO E ACESSÓRIOS,B0DGKJ8J9F,Target,USA,900004669,AKDN-80161,1,332.76,73.62,Cancelled,Bruno Ibrahim Costa,isabelakalidossame@gmail.com,(00) 00000-0000,,,,,false,,Cancelled,,,,,,,,USA,Manaus - AM,2026-09-04 09:00:00,Cancelled by demo customer,2026-05-23 00:00:00,,000.000.000-00,,
2026-05-20,225-207,VISTA DIGITAL MONITOR LED 24 POLEGADAS FULL HD COM AJUSTE DE INCLINAÇÃO,B0CHXAQ7T9,eBay,USA,900004640,AKDN-80160,1,322.3,73.25,Cancelled,Ana Clara Ibrahim Costa,isabelakalidossame@gmail.com,(00) 00000-0000,,,,,false,,Cancelled,,,,,,,,USA,Brasília - DF,2026-09-04 09:00:00,Cancelled by demo store,2026-05-21 00:00:00,,000.000.000-00,,
2026-05-19,225-173,SOLARIS HOME FRITADEIRA ELÉTRICA SEM ÓLEO DIGITAL COM CAPACIDADE DE 4 LITROS,B09JPTPHZT,Amazon,USA,900004582,AKDN-80158,1,362.55,72.51,Pending,Vitória Henrique Moreira,isabelakalidossame@gmail.com,(00) 00000-0000,,,,,true,2026-05-21 00:00:00,Preparing,,,2026-05-22,,,,,USA,São Paulo - SP,2026-09-04 09:00:00,,,,000.000.000-00,,
2026-05-19,225-190,ZENITH HOME ASPIRADOR ROBÔ INTELIGENTE COM MAPEAMENTO E BASE CARREGADORA,B0AJB28UE2,Walmart,USA,900004611,AKDN-80159,2,746.29,145.76,Pending,William Henrique Moreira,isabelakalidossame@gmail.com,(00) 00000-0000,,,,,true,2026-05-19 00:00:00,Preparing,,,2026-05-22,,,,,USA,Curitiba - PR,2026-09-04 09:00:00,,,,000.000.000-00,,
2026-05-18,225-156,NOVAWAVE FONE DE OUVIDO SEM FIO COM CANCELAMENTO DE RUÍDO E ESTOJO,B08K3K75LL,Amazon,USA,900004553,AKDN-80157,1,352.04,72.14,Pending,Tiago Henrique Moreira,isabelakalidossame@gmail.com,(00) 00000-0000,,,,,true,2026-05-19 00:00:00,Preparing,,,2026-05-21,,,,,USA,Rio de Janeiro - RJ,2026-09-04 09:00:00,,,,000.000.000-00,,
2026-04-25,224-697,VISTA DIGITAL MONITOR LED 24 POLEGADAS FULL HD COM AJUSTE DE INCLINAÇÃO,B08444HQKU,eBay,USA,900003770,AKDN-80130,1,310.75,62.15,Delivered,Larissa Gomes Tavares,isabelakalidossame@gmail.com,(00) 00000-0000,NX-041145-26,RCPT-073145,FedEx Demo,DEMO00013101,true,2026-04-26 00:00:00,Delivered,2026-05-10,2026-05-16,2026-05-04,2026-05-10,2026-05-12,2026-05-13,2026-05-16,USA,Rio de Janeiro - RJ,2026-09-04 09:00:00,,,2026-05-16T00:00:00+00:00 | Delivered | Customer destination | Synthetic delivery confirmation. / 2026-05-13T00:00:00+00:00 | Out for Delivery | Distribution center | Synthetic distribution-center dispatch. / 2026-05-10T00:00:00+00:00 | In Transit | Destination hub | Synthetic arrival at destination hub. / 2026-05-06T00:00:00+00:00 | In Transit | Origin hub | Synthetic international dispatch. / 2026-05-04T00:00:00+00:00 | Preparing | Warehouse | Synthetic warehouse receipt.,000.000.000-00,2026-04-30,2026-05-09
2026-04-24,224-680,ZENITH HOME ASPIRADOR ROBÔ INTELIGENTE COM MAPEAMENTO E BASE CARREGADORA,B074FUYD6M,Walmart,USA,900003741,AKDN-80129,2,602.97,123.56,Delivered,João Miguel Gomes Tavares,isabelakalidossame@gmail.com,(00) 00000-0000,NX-041144-26,RCPT-073144,UPS Demo,DEMO00013001,true,2026-04-24 00:00:00,Delivered,2026-05-11,2026-05-16,2026-05-02,2026-05-11,2026-05-12,2026-05-14,2026-05-16,USA,Brasília - DF,2026-09-04 09:00:00,,,2026-05-16T00:00:00+00:00 | Delivered | Customer destination | Synthetic delivery confirmation. / 2026-05-14T00:00:00+00:00 | Out for Delivery | Distribution center | Synthetic distribution-center dispatch. / 2026-05-11T00:00:00+00:00 | In Transit | Destination hub | Synthetic arrival at destination hub. / 2026-05-03T00:00:00+00:00 | In Transit | Origin hub | Synthetic international dispatch. / 2026-05-02T00:00:00+00:00 | Preparing | Warehouse | Synthetic warehouse receipt.,000.000.000-00,2026-04-29,2026-05-08
2026-04-21,224-612,VISTA DIGITAL MONITOR LED 24 POLEGADAS FULL HD COM AJUSTE DE INCLINAÇÃO,B027XWXZHS,Target,USA,900003625,AKDN-80125,1,265.32,60.3,Delivered,Felipe Gomes Tavares,isabelakalidossame@gmail.com,(00) 00000-0000,NX-041140-26,RCPT-073140,Global Parcel Demo,DEMO00012601,true,2026-04-23 00:00:00,Delivered,2026-05-09,2026-05-16,2026-05-02,2026-05-09,2026-05-12,2026-05-14,2026-05-16,USA,Belo Horizonte - MG,2026-09-04 09:00:00,,,2026-05-16T00:00:00+00:00 | Delivered | Customer destination | Synthetic delivery confirmation. / 2026-05-14T00:00:00+00:00 | Out for Delivery | Distribution center | Synthetic distribution-center dispatch. / 2026-05-09T00:00:00+00:00 | In Transit | Destination hub | Synthetic arrival at destination hub. / 2026-05-05T00:00:00+00:00 | In Transit | Origin hub | Synthetic international dispatch. / 2026-05-02T00:00:00+00:00 | Preparing | Warehouse | Synthetic warehouse receipt.,000.000.000-00,2026-04-26,2026-05-05
2026-04-28,224-765,ZENITH HOME ASPIRADOR ROBÔ INTELIGENTE COM MAPEAMENTO E BASE CARREGADORA,B0DZL3J57P,Amazon,USA,900003886,AKDN-80134,1,295.24,63.63,Shipped,Paula Gomes Tavares,isabelakalidossame@gmail.com,(00) 00000-0000,NX-041149-26,RCPT-073149,Global Parcel Demo,DEMO00013501,true,2026-04-30 00:00:00,At Distribution Center,2026-05-15,,2026-05-04,2026-05-15,,2026-05-11,,USA,Porto Alegre - RS,2026-09-04 09:00:00,,,2026-05-15T00:00:00+00:00 | In Transit | Destination hub | Synthetic arrival at destination hub. / 2026-05-07T00:00:00+00:00 | In Transit | Origin hub | Synthetic international dispatch. / 2026-05-04T00:00:00+00:00 | Preparing | Warehouse | Synthetic warehouse receipt.,000.000.000-00,2026-05-03,
2026-04-27,224-731,NOVAWAVE FONE DE OUVIDO SEM FIO COM CANCELAMENTO DE RUÍDO E ESTOJO,B0B3CKHFD9,Amazon,USA,900003828,AKDN-80132,2,553.43,125.78,Shipped,Natália Gomes Tavares,isabelakalidossame@gmail.com,(00) 00000-0000,NX-041147-26,RCPT-073147,UPS Demo,DEMO00013301,true,2026-04-27 00:00:00,Out for Delivery,2026-05-15,,2026-05-08,2026-05-15,,,,USA,Belo Horizonte - MG,2026-09-04 09:00:00,,,2026-05-15T00:00:00+00:00 | In Transit | Destination hub | Synthetic arrival at destination hub. / 2026-05-09T00:00:00+00:00 | In Transit | Origin hub | Synthetic international dispatch. / 2026-05-08T00:00:00+00:00 | Preparing | Warehouse | Synthetic warehouse receipt.,000.000.000-00,2026-05-02,2026-05-11
2026-04-23,224-663,SOLARIS HOME FRITADEIRA ELÉTRICA SEM ÓLEO DIGITAL COM CAPACIDADE DE 4 LITROS,B065TMG2QE,Amazon,USA,900003712,AKDN-80128,1,292.31,61.41,Delivered,Isadora Gomes Tavares,isabelakalidossame@gmail.com,(00) 00000-0000,NX-041143-26,RCPT-073143,Global Parcel Demo,DEMO00012901,true,2026-04-25 00:00:00,Delivered,2026-05-10,2026-05-15,2026-04-30,2026-05-10,2026-05-13,2026-05-14,2026-05-15,USA,Goiânia - GO,2026-09-04 09:00:00,,,2026-05-15T00:00:00+00:00 | Delivered | Customer destination | Synthetic delivery confirmation. / 2026-05-14T00:00:00+00:00 | Out for Delivery | Distribution center | Synthetic distribution-center dispatch. / 2026-05-10T00:00:00+00:00 | In Transit | Destination hub | Synthetic arrival at destination hub. / 2026-05-03T00:00:00+00:00 | In Transit | Origin hub | Synthetic international dispatch. / 2026-04-30T00:00:00+00:00 | Preparing | Warehouse | Synthetic warehouse receipt.,000.000.000-00,2026-04-28,2026-05-07
2026-04-26,224-714,MOTION LABS CÂMERA DE AÇÃO 4K COM ESTABILIZAÇÃO E ACESSÓRIOS,B0A3QCZ3Y3,Target,USA,900003799,AKDN-80131,1,320.1,62.52,Shipped,Mateus Gomes Tavares,isabelakalidossame@gmail.com,(00) 00000-0000,NX-041146-26,RCPT-073146,Global Parcel Demo,DEMO00013201,true,2026-04-28 00:00:00,At Distribution Center,2026-05-14,,2026-05-06,2026-05-14,,2026-05-09,,USA,São Paulo - SP,2026-09-04 09:00:00,,,2026-05-14T00:00:00+00:00 | In Transit | Destination hub | Synthetic arrival at destination hub. / 2026-05-09T00:00:00+00:00 | In Transit | Origin hub | Synthetic international dispatch. / 2026-05-06T00:00:00+00:00 | Preparing | Warehouse | Synthetic warehouse receipt.,000.000.000-00,2026-05-01,
2026-04-22,224-646,NOVAWAVE FONE DE OUVIDO SEM FIO COM CANCELAMENTO DE RUÍDO E ESTOJO,B0567DYPB7,Amazon,USA,900003683,AKDN-80127,1,283.23,61.04,Delivered,Heitor Gomes Tavares,isabelakalidossame@gmail.com,(00) 00000-0000,NX-041142-26,RCPT-073142,FedEx Demo,DEMO00012801,true,2026-04-23 00:00:00,Delivered,2026-05-06,2026-05-14,2026-04-28,2026-05-06,2026-05-08,2026-05-10,2026-05-14,USA,Recife - PE,2026-09-04 09:00:00,,,2026-05-14T00:00:00+00:00 | Delivered | Customer destination | Synthetic delivery confirmation. / 2026-05-10T00:00:00+00:00 | Out for Delivery | Distribution center | Synthetic distribution-center dispatch. / 2026-05-06T00:00:00+00:00 | In Transit | Destination hub | Synthetic arrival at destination hub. / 2026-04-30T00:00:00+00:00 | In Transit | Origin hub | Synthetic international dispatch. / 2026-04-28T00:00:00+00:00 | Preparing | Warehouse | Synthetic warehouse receipt.,000.000.000-00,2026-04-27,2026-05-06
2026-04-20,224-595,ZENITH HOME ASPIRADOR ROBÔ INTELIGENTE COM MAPEAMENTO E BASE CARREGADORA,B0Z8BNFM4K,eBay,USA,900003596,AKDN-80124,1,306.84,59.93,Delivered,Elisa Gomes Tavares,isabelakalidossame@gmail.com,(00) 00000-0000,NX-041139-26,RCPT-073139,FedEx Demo,DEMO00012501,true,2026-04-21 00:00:00,Delivered,2026-05-10,2026-05-14,2026-04-30,2026-05-10,2026-05-12,2026-05-13,2026-05-14,USA,Brasília - DF,2026-09-04 09:00:00,,,2026-05-14T00:00:00+00:00 | Delivered | Customer destination | Synthetic delivery confirmation. / 2026-05-13T00:00:00+00:00 | Out for Delivery | Distribution center | Synthetic distribution-center dispatch. / 2026-05-10T00:00:00+00:00 | In Transit | Destination hub | Synthetic arrival at destination hub. / 2026-05-02T00:00:00+00:00 | In Transit | Origin hub | Synthetic international dispatch. / 2026-04-30T00:00:00+00:00 | Preparing | Warehouse | Synthetic warehouse receipt.,000.000.000-00,2026-04-25,2026-05-04
2026-04-19,224-578,SOLARIS HOME FRITADEIRA ELÉTRICA SEM ÓLEO DIGITAL COM CAPACIDADE DE 4 LITROS,B0Y8PEXAPC,Walmart,USA,900003567,AKDN-80123,2,595.6,119.12,Delivered,Daniel Gomes Tavares,isabelakalidossame@gmail.com,(00) 00000-0000,NX-041138-26,RCPT-073138,UPS Demo,DEMO00012401,true,2026-04-19 00:00:00,Delivered,2026-05-06,2026-05-13,2026-04-28,2026-05-06,2026-05-07,2026-05-09,2026-05-13,USA,Rio de Janeiro - RJ,2026-09-04 09:00:00,,,2026-05-13T00:00:00+00:00 | Delivered | Customer destination | Synthetic delivery confirmation. / 2026-05-09T00:00:00+00:00 | Out for Delivery | Distribution center | Synthetic distribution-center dispatch. / 2026-05-06T00:00:00+00:00 | In Transit | Destination hub | Synthetic arrival at destination hub. / 2026-04-29T00:00:00+00:00 | In Transit | Origin hub | Synthetic international dispatch. / 2026-04-28T00:00:00+00:00 | Preparing | Warehouse | Synthetic warehouse receipt.,000.000.000-00,2026-04-24,2026-05-03
2026-04-29,224-782,VISTA DIGITAL MONITOR LED 24 POLEGADAS FULL HD COM AJUSTE DE INCLINAÇÃO,B0EZ8A2GLW,Walmart,USA,900003915,AKDN-80135,2,609.28,128,Shipped,Rafael Gomes Tavares,isabelakalidossame@gmail.com,(00) 00000-0000,NX-041150-26,RCPT-073150,UPS Demo,DEMO00013601,true,2026-04-29 00:00:00,In Transit,2026-05-11,,2026-05-06,2026-05-11,,,,USA,Porto Alegre - RS,2026-09-04 09:00:00,,,2026-05-11T00:00:00+00:00 | In Transit | Destination hub | Synthetic arrival at destination hub. / 2026-05-07T00:00:00+00:00 | In Transit | Origin hub | Synthetic international dispatch. / 2026-05-06T00:00:00+00:00 | Preparing | Warehouse | Synthetic warehouse receipt.,000.000.000-00,2026-05-04,
2026-04-27,224-748,SOLARIS HOME FRITADEIRA ELÉTRICA SEM ÓLEO DIGITAL COM CAPACIDADE DE 4 LITROS,B0C2YTZSSG,Amazon,USA,900003857,AKDN-80133,1,285.94,63.26,Shipped,Otávio Gomes Tavares,isabelakalidossame@gmail.com,(00) 00000-0000,NX-041148-26,RCPT-073148,FedEx Demo,DEMO00013401,true,2026-04-28 00:00:00,At Distribution Center,2026-05-11,,2026-05-02,2026-05-11,,2026-05-10,,USA,Salvador - BA,2026-09-04 09:00:00,,,2026-05-11T00:00:00+00:00 | In Transit | Destination hub | Synthetic arrival at destination hub. / 2026-05-04T00:00:00+00:00 | In Transit | Origin hub | Synthetic international dispatch. / 2026-05-02T00:00:00+00:00 | Preparing | Warehouse | Synthetic warehouse receipt.,000.000.000-00,2026-05-02,
2026-05-05,224-901,NOVAWAVE FONE DE OUVIDO SEM FIO COM CANCELAMENTO DE RUÍDO E ESTOJO,B0NUMYKWGE,eBay,USA,900004118,AKDN-80142,1,316.97,66.59,Cancelled,Camila Henrique Moreira,isabelakalidossame@gmail.com,(00) 00000-0000,,,,,false,,Cancelled,,,,,,,,USA,Salvador - BA,2026-09-04 09:00:00,Cancelled by demo store,2026-05-08 00:00:00,,000.000.000-00,,
2026-04-21,224-629,MOTION LABS CÂMERA DE AÇÃO 4K COM ESTABILIZAÇÃO E ACESSÓRIOS,B046K5GCWY,Amazon,USA,900003654,AKDN-80126,2,548.46,121.34,Delivered,Gabriela Gomes Tavares,isabelakalidossame@gmail.com,(00) 00000-0000,NX-041141-26,RCPT-073141,UPS Demo,DEMO00012701,true,2026-04-21 00:00:00,Delivered,2026-05-02,2026-05-07,2026-04-26,2026-05-02,2026-05-03,2026-05-04,2026-05-07,USA,Rio de Janeiro - RJ,2026-09-04 09:00:00,,,2026-05-07T00:00:00+00:00 | Delivered | Customer destination | Synthetic delivery confirmation. / 2026-05-04T00:00:00+00:00 | Out for Delivery | Distribution center | Synthetic distribution-center dispatch. / 2026-05-02T00:00:00+00:00 | In Transit | Destination hub | Synthetic arrival at destination hub. / 2026-04-27T00:00:00+00:00 | In Transit | Origin hub | Synthetic international dispatch. / 2026-04-26T00:00:00+00:00 | Preparing | Warehouse | Synthetic warehouse receipt.,000.000.000-00,2026-04-26,2026-05-05
2026-05-04,224-884,MOTION LABS CÂMERA DE AÇÃO 4K COM ESTABILIZAÇÃO E ACESSÓRIOS,B0MVZQ3K37,Walmart,USA,900004089,AKDN-80141,2,614.52,132.44,Cancelled,Bruno Henrique Moreira,isabelakalidossame@gmail.com,(00) 00000-0000,,,,,false,,Cancelled,,,,,,,,USA,Recife - PE,2026-09-04 09:00:00,Cancelled by demo customer,2026-05-06 00:00:00,,000.000.000-00,,
2026-05-03,224-867,VISTA DIGITAL MONITOR LED 24 POLEGADAS FULL HD COM AJUSTE DE INCLINAÇÃO,B0LVDHK8NY,Amazon,USA,900004060,AKDN-80140,1,297.64,65.85,Cancelled,Ana Clara Henrique Moreira,isabelakalidossame@gmail.com,(00) 00000-0000,,,,,false,,Cancelled,,,,,,,,USA,Brasília - DF,2026-09-04 09:00:00,Cancelled by demo store,2026-05-04 00:00:00,,000.000.000-00,,
2026-05-02,224-850,ZENITH HOME ASPIRADOR ROBÔ INTELIGENTE COM MAPEAMENTO E BASE CARREGADORA,B0KWR93V8R,Amazon,USA,900004031,AKDN-80139,1,288.11,65.48,Pending,William Gomes Tavares,isabelakalidossame@gmail.com,(00) 00000-0000,,,,,true,2026-05-03 00:00:00,Preparing,,,2026-05-05,,,,,USA,Porto Alegre - RS,2026-09-04 09:00:00,,,,000.000.000-00,,
2026-05-01,224-816,NOVAWAVE FONE DE OUVIDO SEM FIO COM CANCELAMENTO DE RUÍDO E ESTOJO,B0HXGS26EC,Target,USA,900003973,AKDN-80137,1,323.7,64.74,Pending,Tiago Gomes Tavares,isabelakalidossame@gmail.com,(00) 00000-0000,,,,,true,2026-05-03 00:00:00,Preparing,,,2026-05-04,,,,,USA,Goiânia - GO,2026-09-04 09:00:00,,,,000.000.000-00,,
2026-05-02,224-833,SOLARIS HOME FRITADEIRA ELÉTRICA SEM ÓLEO DIGITAL COM CAPACIDADE DE 4 LITROS,B0JX4ZKJTJ,Amazon,USA,900004002,AKDN-80138,2,666.73,130.22,Pending,Vitória Gomes Tavares,isabelakalidossame@gmail.com,(00) 00000-0000,,,,,true,2026-05-02 00:00:00,Preparing,,,2026-05-05,,,,,USA,Manaus - AM,2026-09-04 09:00:00,,,,000.000.000-00,,
2026-04-08,224-357,VISTA DIGITAL MONITOR LED 24 POLEGADAS FULL HD COM AJUSTE DE INCLINAÇÃO,B0HGHBCRDK,Amazon,USA,900003190,AKDN-80110,1,280.32,54.75,Delivered,Larissa Ferreira Prado,isabelakalidossame@gmail.com,(00) 00000-0000,NX-041125-26,RCPT-073125,Global Parcel Demo,DEMO00011101,true,2026-04-10 00:00:00,Delivered,2026-04-25,2026-05-02,2026-04-18,2026-04-25,2026-04-28,2026-04-29,2026-05-02,USA,Fortaleza - CE,2026-09-04 09:00:00,,,2026-05-02T00:00:00+00:00 | Delivered | Customer destination | Synthetic delivery confirmation. / 2026-04-29T00:00:00+00:00 | Out for Delivery | Distribution center | Synthetic distribution-center dispatch. / 2026-04-25T00:00:00+00:00 | In Transit | Destination hub | Synthetic arrival at destination hub. / 2026-04-21T00:00:00+00:00 | In Transit | Origin hub | Synthetic international dispatch. / 2026-04-18T00:00:00+00:00 | Preparing | Warehouse | Synthetic warehouse receipt.,000.000.000-00,2026-04-13,2026-04-22
2026-04-07,224-340,ZENITH HOME ASPIRADOR ROBÔ INTELIGENTE COM MAPEAMENTO E BASE CARREGADORA,B0GHV3UEYC,Amazon,USA,900003161,AKDN-80109,1,271.9,54.38,Delivered,João Miguel Ferreira Prado,isabelakalidossame@gmail.com,(00) 00000-0000,NX-041124-26,RCPT-073124,FedEx Demo,DEMO00011001,true,2026-04-08 00:00:00,Delivered,2026-04-26,2026-05-02,2026-04-16,2026-04-26,2026-04-28,2026-04-30,2026-05-02,USA,Curitiba - PR,2026-09-04 09:00:00,,,2026-05-02T00:00:00+00:00 | Delivered | Customer destination | Synthetic delivery confirmation. / 2026-04-30T00:00:00+00:00 | Out for Delivery | Distribution center | Synthetic distribution-center dispatch. / 2026-04-26T00:00:00+00:00 | In Transit | Destination hub | Synthetic arrival at destination hub. / 2026-04-18T00:00:00+00:00 | In Transit | Origin hub | Synthetic international dispatch. / 2026-04-16T00:00:00+00:00 | Preparing | Warehouse | Synthetic warehouse receipt.,000.000.000-00,2026-04-12,2026-04-21
2026-04-05,224-306,NOVAWAVE FONE DE OUVIDO SEM FIO COM CANCELAMENTO DE RUÍDO E ESTOJO,B0DJMLTQ6X,Target,USA,900003103,AKDN-80107,1,255.33,53.64,Delivered,Heitor Ferreira Prado,isabelakalidossame@gmail.com,(00) 00000-0000,NX-041122-26,RCPT-073122,Global Parcel Demo,DEMO00010801,true,2026-04-07 00:00:00,Delivered,2026-04-21,2026-04-30,2026-04-12,2026-04-21,2026-04-24,2026-04-26,2026-04-30,USA,Porto Alegre - RS,2026-09-04 09:00:00,,,2026-04-30T00:00:00+00:00 | Delivered | Customer destination | Synthetic delivery confirmation. / 2026-04-26T00:00:00+00:00 | Out for Delivery | Distribution center | Synthetic distribution-center dispatch. / 2026-04-21T00:00:00+00:00 | In Transit | Destination hub | Synthetic arrival at destination hub. / 2026-04-15T00:00:00+00:00 | In Transit | Origin hub | Synthetic international dispatch. / 2026-04-12T00:00:00+00:00 | Preparing | Warehouse | Synthetic warehouse receipt.,000.000.000-00,2026-04-10,2026-04-19
2026-04-03,224-255,ZENITH HOME ASPIRADOR ROBÔ INTELIGENTE COM MAPEAMENTO E BASE CARREGADORA,B0ALRVANWA,Amazon,USA,900003016,AKDN-80104,1,231.13,52.53,Delivered,Elisa Ferreira Prado,isabelakalidossame@gmail.com,(00) 00000-0000,NX-041119-26,RCPT-073119,Global Parcel Demo,DEMO00010501,true,2026-04-05 00:00:00,Delivered,2026-04-25,2026-04-30,2026-04-14,2026-04-25,2026-04-28,2026-04-29,2026-04-30,USA,Porto Alegre - RS,2026-09-04 09:00:00,,,2026-04-30T00:00:00+00:00 | Delivered | Customer destination | Synthetic delivery confirmation. / 2026-04-29T00:00:00+00:00 | Out for Delivery | Distribution center | Synthetic distribution-center dispatch. / 2026-04-25T00:00:00+00:00 | In Transit | Destination hub | Synthetic arrival at destination hub. / 2026-04-17T00:00:00+00:00 | In Transit | Origin hub | Synthetic international dispatch. / 2026-04-14T00:00:00+00:00 | Preparing | Warehouse | Synthetic warehouse receipt.,000.000.000-00,2026-04-08,2026-04-17
2026-04-02,224-238,SOLARIS HOME FRITADEIRA ELÉTRICA SEM ÓLEO DIGITAL COM CAPACIDADE DE 4 LITROS,B09M5MSBH3,Amazon,USA,900002987,AKDN-80103,1,267.06,52.16,Delivered,Daniel Ferreira Prado,isabelakalidossame@gmail.com,(00) 00000-0000,NX-041118-26,RCPT-073118,FedEx Demo,DEMO00010401,true,2026-04-03 00:00:00,Delivered,2026-04-21,2026-04-29,2026-04-12,2026-04-21,2026-04-23,2026-04-25,2026-04-29,USA,Recife - PE,2026-09-04 09:00:00,,,2026-04-29T00:00:00+00:00 | Delivered | Customer destination | Synthetic delivery confirmation. / 2026-04-25T00:00:00+00:00 | Out for Delivery | Distribution center | Synthetic distribution-center dispatch. / 2026-04-21T00:00:00+00:00 | In Transit | Destination hub | Synthetic arrival at destination hub. / 2026-04-14T00:00:00+00:00 | In Transit | Origin hub | Synthetic international dispatch. / 2026-04-12T00:00:00+00:00 | Preparing | Warehouse | Synthetic warehouse receipt.,000.000.000-00,2026-04-07,2026-04-16
2026-04-11,224-425,ZENITH HOME ASPIRADOR ROBÔ INTELIGENTE COM MAPEAMENTO E BASE CARREGADORA,B0ME29D6ZE,Amazon,USA,900003306,AKDN-80114,2,535.31,112.46,Shipped,Paula Ferreira Prado,isabelakalidossame@gmail.com,(00) 00000-0000,NX-041129-26,RCPT-073129,UPS Demo,DEMO00011501,true,2026-04-11 00:00:00,Out for Delivery,2026-04-27,,2026-04-18,2026-04-27,,2026-04-24,,USA,Rio de Janeiro - RJ,2026-09-04 09:00:00,,,2026-04-27T00:00:00+00:00 | In Transit | Destination hub | Synthetic arrival at destination hub. / 2026-04-19T00:00:00+00:00 | In Transit | Origin hub | Synthetic international dispatch. / 2026-04-18T00:00:00+00:00 | Preparing | Warehouse | Synthetic warehouse receipt.,000.000.000-00,2026-04-16,2026-04-25
2026-04-12,224-442,VISTA DIGITAL MONITOR LED 24 POLEGADAS FULL HD COM AJUSTE DE INCLINAÇÃO,B0PDNHVHEM,Amazon,USA,900003335,AKDN-80115,1,276.21,56.6,Shipped,Rafael Ferreira Prado,isabelakalidossame@gmail.com,(00) 00000-0000,NX-041130-26,RCPT-073130,FedEx Demo,DEMO00011601,true,2026-04-13 00:00:00,In Transit,2026-04-26,,2026-04-20,2026-04-26,,,,USA,Brasília - DF,2026-09-04 09:00:00,,,2026-04-26T00:00:00+00:00 | In Transit | Destination hub | Synthetic arrival at destination hub. / 2026-04-22T00:00:00+00:00 | In Transit | Origin hub | Synthetic international dispatch. / 2026-04-20T00:00:00+00:00 | Preparing | Warehouse | Synthetic warehouse receipt.,000.000.000-00,2026-04-17,
2026-04-10,224-408,SOLARIS HOME FRITADEIRA ELÉTRICA SEM ÓLEO DIGITAL COM CAPACIDADE DE 4 LITROS,B0LEE2UTL8,Target,USA,900003277,AKDN-80113,1,259.19,55.86,Shipped,Otávio Ferreira Prado,isabelakalidossame@gmail.com,(00) 00000-0000,NX-041128-26,RCPT-073128,Global Parcel Demo,DEMO00011401,true,2026-04-12 00:00:00,At Distribution Center,2026-04-26,,2026-04-16,2026-04-26,,2026-04-23,,USA,Belo Horizonte - MG,2026-09-04 09:00:00,,,2026-04-26T00:00:00+00:00 | In Transit | Destination hub | Synthetic arrival at destination hub. / 2026-04-19T00:00:00+00:00 | In Transit | Origin hub | Synthetic international dispatch. / 2026-04-16T00:00:00+00:00 | Preparing | Warehouse | Synthetic warehouse receipt.,000.000.000-00,2026-04-15,
2026-04-09,224-374,MOTION LABS CÂMERA DE AÇÃO 4K COM ESTABILIZAÇÃO E ACESSÓRIOS,B0JG5JU4SS,Walmart,USA,900003219,AKDN-80111,2,485.06,110.24,Shipped,Mateus Ferreira Prado,isabelakalidossame@gmail.com,(00) 00000-0000,NX-041126-26,RCPT-073126,UPS Demo,DEMO00011201,true,2026-04-09 00:00:00,At Distribution Center,2026-04-26,,2026-04-20,2026-04-26,,2026-04-22,,USA,Fortaleza - CE,2026-09-04 09:00:00,,,2026-04-26T00:00:00+00:00 | In Transit | Destination hub | Synthetic arrival at destination hub. / 2026-04-21T00:00:00+00:00 | In Transit | Origin hub | Synthetic international dispatch. / 2026-04-20T00:00:00+00:00 | Preparing | Warehouse | Synthetic warehouse receipt.,000.000.000-00,2026-04-14,
2026-04-06,224-323,SOLARIS HOME FRITADEIRA ELÉTRICA SEM ÓLEO DIGITAL COM CAPACIDADE DE 4 LITROS,B0EJ9TB3K5,Amazon,USA,900003132,AKDN-80108,2,527.14,108.02,Delivered,Isadora Ferreira Prado,isabelakalidossame@gmail.com,(00) 00000-0000,NX-041123-26,RCPT-073123,UPS Demo,DEMO00010901,true,2026-04-06 00:00:00,Delivered,2026-04-22,2026-04-25,2026-04-14,2026-04-22,2026-04-23,2026-04-24,2026-04-25,USA,Brasília - DF,2026-09-04 09:00:00,,,2026-04-25T00:00:00+00:00 | Delivered | Customer destination | Synthetic delivery confirmation. / 2026-04-24T00:00:00+00:00 | Out for Delivery | Distribution center | Synthetic distribution-center dispatch. / 2026-04-22T00:00:00+00:00 | In Transit | Destination hub | Synthetic arrival at destination hub. / 2026-04-15T00:00:00+00:00 | In Transit | Origin hub | Synthetic international dispatch. / 2026-04-14T00:00:00+00:00 | Preparing | Warehouse | Synthetic warehouse receipt.,000.000.000-00,2026-04-11,2026-04-20
2026-04-10,224-391,NOVAWAVE FONE DE OUVIDO SEM FIO COM CANCELAMENTO DE RUÍDO E ESTOJO,B0KFSSCG7Z,eBay,USA,900003248,AKDN-80112,1,250.81,55.49,Shipped,Natália Ferreira Prado,isabelakalidossame@gmail.com,(00) 00000-0000,NX-041127-26,RCPT-073127,FedEx Demo,DEMO00011301,true,2026-04-11 00:00:00,At Distribution Center,2026-04-23,,2026-04-15,2026-04-23,,2026-04-23,,USA,Belo Horizonte - MG,2026-09-04 09:00:00,,,2026-04-23T00:00:00+00:00 | In Transit | Destination hub | Synthetic arrival at destination hub. / 2026-04-17T00:00:00+00:00 | In Transit | Origin hub | Synthetic international dispatch. / 2026-04-15T00:00:00+00:00 | Preparing | Warehouse | Synthetic warehouse receipt.,000.000.000-00,2026-04-15,
2026-04-04,224-289,MOTION LABS CÂMERA DE AÇÃO 4K COM ESTABILIZAÇÃO E ACESSÓRIOS,B0CKZCBDQQ,eBay,USA,900003074,AKDN-80106,1,247.17,53.27,Delivered,Gabriela Ferreira Prado,isabelakalidossame@gmail.com,(00) 00000-0000,NX-041121-26,RCPT-073121,FedEx Demo,DEMO00010701,true,2026-04-05 00:00:00,Delivered,2026-04-17,2026-04-23,2026-04-10,2026-04-17,2026-04-19,2026-04-20,2026-04-23,USA,São Paulo - SP,2026-09-04 09:00:00,,,2026-04-23T00:00:00+00:00 | Delivered | Customer destination | Synthetic delivery confirmation. / 2026-04-20T00:00:00+00:00 | Out for Delivery | Distribution center | Synthetic distribution-center dispatch. / 2026-04-17T00:00:00+00:00 | In Transit | Destination hub | Synthetic arrival at destination hub. / 2026-04-12T00:00:00+00:00 | In Transit | Origin hub | Synthetic international dispatch. / 2026-04-10T00:00:00+00:00 | Preparing | Warehouse | Synthetic warehouse receipt.,000.000.000-00,2026-04-09,2026-04-18
2026-04-18,224-561,NOVAWAVE FONE DE OUVIDO SEM FIO COM CANCELAMENTO DE RUÍDO E ESTOJO,B0X937FXA5,Amazon,USA,900003538,AKDN-80122,1,288.85,59.19,Cancelled,Camila Gomes Tavares,isabelakalidossame@gmail.com,(00) 00000-0000,,,,,false,,Cancelled,,,,,,,,USA,São Paulo - SP,2026-09-04 09:00:00,Cancelled by demo store,2026-04-21 00:00:00,,000.000.000-00,,
2026-04-17,224-544,MOTION LABS CÂMERA DE AÇÃO 4K COM ESTABILIZAÇÃO E ACESSÓRIOS,B0W9FXWLVW,Amazon,USA,900003509,AKDN-80121,1,279.98,58.82,Cancelled,Bruno Gomes Tavares,isabelakalidossame@gmail.com,(00) 00000-0000,,,,,false,,Cancelled,,,,,,,,USA,Goiânia - GO,2026-09-04 09:00:00,Cancelled by demo customer,2026-04-19 00:00:00,,000.000.000-00,,
2026-04-04,224-272,VISTA DIGITAL MONITOR LED 24 POLEGADAS FULL HD COM AJUSTE DE INCLINAÇÃO,B0BKD4T2BH,Walmart,USA,900003045,AKDN-80105,2,478.22,105.8,Delivered,Felipe Ferreira Prado,isabelakalidossame@gmail.com,(00) 00000-0000,NX-041120-26,RCPT-073120,UPS Demo,DEMO00010601,true,2026-04-04 00:00:00,Delivered,2026-04-14,2026-04-19,2026-04-09,2026-04-14,2026-04-15,2026-04-17,2026-04-19,USA,Curitiba - PR,2026-09-04 09:00:00,,,2026-04-19T00:00:00+00:00 | Delivered | Customer destination | Synthetic delivery confirmation. / 2026-04-17T00:00:00+00:00 | Out for Delivery | Distribution center | Synthetic distribution-center dispatch. / 2026-04-14T00:00:00+00:00 | In Transit | Destination hub | Synthetic arrival at destination hub. / 2026-04-10T00:00:00+00:00 | In Transit | Origin hub | Synthetic international dispatch. / 2026-04-09T00:00:00+00:00 | Preparing | Warehouse | Synthetic warehouse receipt.,000.000.000-00,2026-04-09,2026-04-18
2026-03-21,224-000,ZENITH HOME ASPIRADOR ROBÔ INTELIGENTE COM MAPEAMENTO E BASE CARREGADORA,B0QWBAPFS4,Target,USA,900002581,AKDN-80089,1,240.54,46.98,Delivered,João Miguel Esteves Moraes,isabelakalidossame@gmail.com,(00) 00000-0000,NX-041104-26,RCPT-073104,Global Parcel Demo,DEMO00009001,true,2026-03-23 00:00:00,Delivered,2026-04-11,2026-04-18,2026-03-31,2026-04-11,2026-04-14,2026-04-16,2026-04-18,USA,Belo Horizonte - MG,2026-09-04 09:00:00,,,2026-04-18T00:00:00+00:00 | Delivered | Customer destination | Synthetic delivery confirmation. / 2026-04-16T00:00:00+00:00 | Out for Delivery | Distribution center | Synthetic distribution-center dispatch. / 2026-04-11T00:00:00+00:00 | In Transit | Destination hub | Synthetic arrival at destination hub. / 2026-04-03T00:00:00+00:00 | In Transit | Origin hub | Synthetic international dispatch. / 2026-03-31T00:00:00+00:00 | Preparing | Warehouse | Synthetic warehouse receipt.,000.000.000-00,2026-03-26,2026-04-04
2026-04-16,224-527,VISTA DIGITAL MONITOR LED 24 POLEGADAS FULL HD COM AJUSTE DE INCLINAÇÃO,B0VASPE9GP,Amazon,USA,900003480,AKDN-80120,2,542.42,116.9,Cancelled,Ana Clara Gomes Tavares,isabelakalidossame@gmail.com,(00) 00000-0000,,,,,false,,Cancelled,,,,,,,,USA,Porto Alegre - RS,2026-09-04 09:00:00,Cancelled by demo store,2026-04-17 00:00:00,,000.000.000-00,,
2026-04-15,224-510,ZENITH HOME ASPIRADOR ROBÔ INTELIGENTE COM MAPEAMENTO E BASE CARREGADORA,B0TB6GWW3H,Target,USA,900003451,AKDN-80119,1,262.52,58.08,Pending,William Ferreira Prado,isabelakalidossame@gmail.com,(00) 00000-0000,,,,,true,2026-04-17 00:00:00,Preparing,,,2026-04-18,,,,,USA,Belo Horizonte - MG,2026-09-04 09:00:00,,,,000.000.000-00,,
2026-04-15,224-493,SOLARIS HOME FRITADEIRA ELÉTRICA SEM ÓLEO DIGITAL COM CAPACIDADE DE 4 LITROS,B0SBJ8EJNA,eBay,USA,900003422,AKDN-80118,1,253.92,57.71,Pending,Vitória Ferreira Prado,isabelakalidossame@gmail.com,(00) 00000-0000,,,,,true,2026-04-16 00:00:00,Preparing,,,2026-04-18,,,,,USA,Salvador - BA,2026-09-04 09:00:00,,,,000.000.000-00,,
2026-03-16,223-898,SOLARIS HOME FRITADEIRA ELÉTRICA SEM ÓLEO DIGITAL COM CAPACIDADE DE 4 LITROS,B0HZJUMCBT,Target,USA,900002407,AKDN-80083,1,196.94,44.76,Delivered,Daniel Esteves Moraes,isabelakalidossame@gmail.com,(00) 00000-0000,NX-041098-26,RCPT-073098,Global Parcel Demo,DEMO00008401,true,2026-03-18 00:00:00,Delivered,2026-04-06,2026-04-15,2026-03-27,2026-04-06,2026-04-09,2026-04-11,2026-04-15,USA,Recife - PE,2026-09-04 09:00:00,,,2026-04-15T00:00:00+00:00 | Delivered | Customer destination | Synthetic delivery confirmation. / 2026-04-11T00:00:00+00:00 | Out for Delivery | Distribution center | Synthetic distribution-center dispatch. / 2026-04-06T00:00:00+00:00 | In Transit | Destination hub | Synthetic arrival at destination hub. / 2026-03-30T00:00:00+00:00 | In Transit | Origin hub | Synthetic international dispatch. / 2026-03-27T00:00:00+00:00 | Preparing | Warehouse | Synthetic warehouse receipt.,000.000.000-00,2026-03-21,2026-03-30
2026-04-14,224-476,NOVAWAVE FONE DE OUVIDO SEM FIO COM CANCELAMENTO DE RUÍDO E ESTOJO,B0RCWYV783,Walmart,USA,900003393,AKDN-80117,2,587.16,114.68,Pending,Tiago Ferreira Prado,isabelakalidossame@gmail.com,(00) 00000-0000,,,,,true,2026-04-14 00:00:00,Preparing,,,2026-04-17,,,,,USA,Manaus - AM,2026-09-04 09:00:00,,,,000.000.000-00,,
2026-03-25,224-085,ZENITH HOME ASPIRADOR ROBÔ INTELIGENTE COM MAPEAMENTO E BASE CARREGADORA,B0WSGG87T6,eBay,USA,900002726,AKDN-80094,1,238.29,48.83,Shipped,Paula Esteves Moraes,isabelakalidossame@gmail.com,(00) 00000-0000,NX-041109-26,RCPT-073109,FedEx Demo,DEMO00009501,true,2026-03-26 00:00:00,Out for Delivery,2026-04-12,,2026-04-02,2026-04-12,,,,USA,Fortaleza - CE,2026-09-04 09:00:00,,,2026-04-12T00:00:00+00:00 | In Transit | Destination hub | Synthetic arrival at destination hub. / 2026-04-04T00:00:00+00:00 | In Transit | Origin hub | Synthetic international dispatch. / 2026-04-02T00:00:00+00:00 | Preparing | Warehouse | Synthetic warehouse receipt.,000.000.000-00,2026-03-30,2026-04-08
2026-03-22,224-017,VISTA DIGITAL MONITOR LED 24 POLEGADAS FULL HD COM AJUSTE DE INCLINAÇÃO,B0RVXH7S7B,Amazon,USA,900002610,AKDN-80090,2,416.68,94.7,Delivered,Larissa Esteves Moraes,isabelakalidossame@gmail.com,(00) 00000-0000,NX-041105-26,RCPT-073105,UPS Demo,DEMO00009101,true,2026-03-22 00:00:00,Delivered,2026-04-07,2026-04-12,2026-04-02,2026-04-07,2026-04-08,2026-04-09,2026-04-12,USA,Rio de Janeiro - RJ,2026-09-04 09:00:00,,,2026-04-12T00:00:00+00:00 | Delivered | Customer destination | Synthetic delivery confirmation. / 2026-04-09T00:00:00+00:00 | Out for Delivery | Distribution center | Synthetic distribution-center dispatch. / 2026-04-07T00:00:00+00:00 | In Transit | Destination hub | Synthetic arrival at destination hub. / 2026-04-03T00:00:00+00:00 | In Transit | Origin hub | Synthetic international dispatch. / 2026-04-02T00:00:00+00:00 | Preparing | Warehouse | Synthetic warehouse receipt.,000.000.000-00,2026-03-27,2026-04-05
2026-03-26,224-102,VISTA DIGITAL MONITOR LED 24 POLEGADAS FULL HD COM AJUSTE DE INCLINAÇÃO,B0XS4QQJ8D,Target,USA,900002755,AKDN-80095,1,246,49.2,Shipped,Rafael Esteves Moraes,isabelakalidossame@gmail.com,(00) 00000-0000,NX-041110-26,RCPT-073110,Global Parcel Demo,DEMO00009601,true,2026-03-28 00:00:00,At Distribution Center,2026-04-11,,2026-04-04,2026-04-11,,2026-04-08,,USA,Rio de Janeiro - RJ,2026-09-04 09:00:00,,,2026-04-11T00:00:00+00:00 | In Transit | Destination hub | Synthetic arrival at destination hub. / 2026-04-07T00:00:00+00:00 | In Transit | Origin hub | Synthetic international dispatch. / 2026-04-04T00:00:00+00:00 | Preparing | Warehouse | Synthetic warehouse receipt.,000.000.000-00,2026-03-31,
2026-03-20,223-983,SOLARIS HOME FRITADEIRA ELÉTRICA SEM ÓLEO DIGITAL COM CAPACIDADE DE 4 LITROS,B0PWP264DV,eBay,USA,900002552,AKDN-80088,1,233.05,46.61,Delivered,Isadora Esteves Moraes,isabelakalidossame@gmail.com,(00) 00000-0000,NX-041103-26,RCPT-073103,FedEx Demo,DEMO00008901,true,2026-03-21 00:00:00,Delivered,2026-04-07,2026-04-11,2026-03-29,2026-04-07,2026-04-09,2026-04-10,2026-04-11,USA,Porto Alegre - RS,2026-09-04 09:00:00,,,2026-04-11T00:00:00+00:00 | Delivered | Customer destination | Synthetic delivery confirmation. / 2026-04-10T00:00:00+00:00 | Out for Delivery | Distribution center | Synthetic distribution-center dispatch. / 2026-04-07T00:00:00+00:00 | In Transit | Destination hub | Synthetic arrival at destination hub. / 2026-03-31T00:00:00+00:00 | In Transit | Origin hub | Synthetic international dispatch. / 2026-03-29T00:00:00+00:00 | Preparing | Warehouse | Synthetic warehouse receipt.,000.000.000-00,2026-03-25,2026-04-03
2026-03-19,223-966,NOVAWAVE FONE DE OUVIDO SEM FIO COM CANCELAMENTO DE RUÍDO E ESTOJO,B0NX3SNRYN,Walmart,USA,900002523,AKDN-80087,2,451.3,92.48,Delivered,Heitor Esteves Moraes,isabelakalidossame@gmail.com,(00) 00000-0000,NX-041102-26,RCPT-073102,UPS Demo,DEMO00008801,true,2026-03-19 00:00:00,Delivered,2026-04-03,2026-04-10,2026-03-27,2026-04-03,2026-04-04,2026-04-06,2026-04-10,USA,Fortaleza - CE,2026-09-04 09:00:00,,,2026-04-10T00:00:00+00:00 | Delivered | Customer destination | Synthetic delivery confirmation. / 2026-04-06T00:00:00+00:00 | Out for Delivery | Distribution center | Synthetic distribution-center dispatch. / 2026-04-03T00:00:00+00:00 | In Transit | Destination hub | Synthetic arrival at destination hub. / 2026-03-28T00:00:00+00:00 | In Transit | Origin hub | Synthetic international dispatch. / 2026-03-27T00:00:00+00:00 | Preparing | Warehouse | Synthetic warehouse receipt.,000.000.000-00,2026-03-24,2026-04-02
2026-03-18,223-949,MOTION LABS CÂMERA DE AÇÃO 4K COM ESTABILIZAÇÃO E ACESSÓRIOS,B0MXFK6EKF,Amazon,USA,900002494,AKDN-80086,1,218.34,45.87,Delivered,Gabriela Esteves Moraes,isabelakalidossame@gmail.com,(00) 00000-0000,NX-041101-26,RCPT-073101,Global Parcel Demo,DEMO00008701,true,2026-03-20 00:00:00,Delivered,2026-04-02,2026-04-09,2026-03-25,2026-04-02,2026-04-05,2026-04-06,2026-04-09,USA,Fortaleza - CE,2026-09-04 09:00:00,,,2026-04-09T00:00:00+00:00 | Delivered | Customer destination | Synthetic delivery confirmation. / 2026-04-06T00:00:00+00:00 | Out for Delivery | Distribution center | Synthetic distribution-center dispatch. / 2026-04-02T00:00:00+00:00 | In Transit | Destination hub | Synthetic arrival at destination hub. / 2026-03-28T00:00:00+00:00 | In Transit | Origin hub | Synthetic international dispatch. / 2026-03-25T00:00:00+00:00 | Preparing | Warehouse | Synthetic warehouse receipt.,000.000.000-00,2026-03-23,2026-04-01
2026-03-24,224-068,SOLARIS HOME FRITADEIRA ELÉTRICA SEM ÓLEO DIGITAL COM CAPACIDADE DE 4 LITROS,B0VTT8QUEX,Walmart,USA,900002697,AKDN-80093,2,461.34,96.92,Shipped,Otávio Esteves Moraes,isabelakalidossame@gmail.com,(00) 00000-0000,NX-041108-26,RCPT-073108,UPS Demo,DEMO00009401,true,2026-03-24 00:00:00,In Transit,2026-04-08,,2026-03-31,2026-04-08,,,,USA,Salvador - BA,2026-09-04 09:00:00,,,2026-04-08T00:00:00+00:00 | In Transit | Destination hub | Synthetic arrival at destination hub. / 2026-04-01T00:00:00+00:00 | In Transit | Origin hub | Synthetic international dispatch. / 2026-03-31T00:00:00+00:00 | Preparing | Warehouse | Synthetic warehouse receipt.,000.000.000-00,2026-03-29,
2026-03-24,224-051,NOVAWAVE FONE DE OUVIDO SEM FIO COM CANCELAMENTO DE RUÍDO E ESTOJO,B0UU7Z7HZQ,Amazon,USA,900002668,AKDN-80092,1,223.14,48.09,Shipped,Natália Esteves Moraes,isabelakalidossame@gmail.com,(00) 00000-0000,NX-041107-26,RCPT-073107,Global Parcel Demo,DEMO00009301,true,2026-03-26 00:00:00,At Distribution Center,2026-04-08,,2026-03-30,2026-04-08,,2026-04-06,,USA,Brasília - DF,2026-09-04 09:00:00,,,2026-04-08T00:00:00+00:00 | In Transit | Destination hub | Synthetic arrival at destination hub. / 2026-04-02T00:00:00+00:00 | In Transit | Origin hub | Synthetic international dispatch. / 2026-03-30T00:00:00+00:00 | Preparing | Warehouse | Synthetic warehouse receipt.,000.000.000-00,2026-03-29,
2026-03-18,223-932,VISTA DIGITAL MONITOR LED 24 POLEGADAS FULL HD COM AJUSTE DE INCLINAÇÃO,B0KYTBN258,Amazon,USA,900002465,AKDN-80085,1,211.12,45.5,Delivered,Felipe Esteves Moraes,isabelakalidossame@gmail.com,(00) 00000-0000,NX-041100-26,RCPT-073100,FedEx Demo,DEMO00008601,true,2026-03-19 00:00:00,Delivered,2026-03-30,2026-04-05,2026-03-24,2026-03-30,2026-04-01,2026-04-03,2026-04-05,USA,Brasília - DF,2026-09-04 09:00:00,,,2026-04-05T00:00:00+00:00 | Delivered | Customer destination | Synthetic delivery confirmation. / 2026-04-03T00:00:00+00:00 | Out for Delivery | Distribution center | Synthetic distribution-center dispatch. / 2026-03-30T00:00:00+00:00 | In Transit | Destination hub | Synthetic arrival at destination hub. / 2026-03-26T00:00:00+00:00 | In Transit | Origin hub | Synthetic international dispatch. / 2026-03-24T00:00:00+00:00 | Preparing | Warehouse | Synthetic warehouse receipt.,000.000.000-00,2026-03-23,2026-04-01
2026-04-01,224-221,NOVAWAVE FONE DE OUVIDO SEM FIO COM CANCELAMENTO DE RUÍDO E ESTOJO,B07MGDAY4V,Amazon,USA,900002958,AKDN-80102,2,517.9,103.58,Cancelled,Camila Ferreira Prado,isabelakalidossame@gmail.com,(00) 00000-0000,,,,,false,,Cancelled,,,,,,,,USA,Salvador - BA,2026-09-04 09:00:00,Cancelled by demo store,2026-04-04 00:00:00,,000.000.000-00,,
2026-03-23,224-034,MOTION LABS CÂMERA DE AÇÃO 4K COM ESTABILIZAÇÃO E ACESSÓRIOS,B0SUKRP5LH,Amazon,USA,900002639,AKDN-80091,1,215.69,47.72,Shipped,Mateus Esteves Moraes,isabelakalidossame@gmail.com,(00) 00000-0000,NX-041106-26,RCPT-073106,FedEx Demo,DEMO00009201,true,2026-03-24 00:00:00,At Distribution Center,2026-04-04,,2026-03-28,2026-04-04,,2026-04-05,,USA,Recife - PE,2026-09-04 09:00:00,,,2026-04-04T00:00:00+00:00 | In Transit | Destination hub | Synthetic arrival at destination hub. / 2026-03-30T00:00:00+00:00 | In Transit | Origin hub | Synthetic international dispatch. / 2026-03-28T00:00:00+00:00 | Preparing | Warehouse | Synthetic warehouse receipt.,000.000.000-00,2026-03-28,
2026-03-17,223-915,ZENITH HOME ASPIRADOR ROBÔ INTELIGENTE COM MAPEAMENTO E BASE CARREGADORA,B0JZ635PQ2,Amazon,USA,900002436,AKDN-80084,2,407.98,90.26,Delivered,Elisa Esteves Moraes,isabelakalidossame@gmail.com,(00) 00000-0000,NX-041099-26,RCPT-073099,UPS Demo,DEMO00008501,true,2026-03-17 00:00:00,Delivered,2026-03-31,2026-04-03,2026-03-22,2026-03-31,2026-04-01,2026-04-02,2026-04-03,USA,Fortaleza - CE,2026-09-04 09:00:00,,,2026-04-03T00:00:00+00:00 | Delivered | Customer destination | Synthetic delivery confirmation. / 2026-04-02T00:00:00+00:00 | Out for Delivery | Distribution center | Synthetic distribution-center dispatch. / 2026-03-31T00:00:00+00:00 | In Transit | Destination hub | Synthetic arrival at destination hub. / 2026-03-23T00:00:00+00:00 | In Transit | Origin hub | Synthetic international dispatch. / 2026-03-22T00:00:00+00:00 | Preparing | Warehouse | Synthetic warehouse receipt.,000.000.000-00,2026-03-22,2026-03-31
2026-03-31,224-204,MOTION LABS CÂMERA DE AÇÃO 4K COM ESTABILIZAÇÃO E ACESSÓRIOS,B06NU6SMPN,Target,USA,900002929,AKDN-80101,1,250.93,51.42,Cancelled,Bruno Ferreira Prado,isabelakalidossame@gmail.com,(00) 00000-0000,,,,,false,,Cancelled,,,,,,,,USA,Manaus - AM,2026-09-04 09:00:00,Cancelled by demo customer,2026-04-02 00:00:00,,000.000.000-00,,
2026-03-30,224-187,VISTA DIGITAL MONITOR LED 24 POLEGADAS FULL HD COM AJUSTE DE INCLINAÇÃO,B05P8W9AAF,eBay,USA,900002900,AKDN-80100,1,243,51.05,Cancelled,Ana Clara Ferreira Prado,isabelakalidossame@gmail.com,(00) 00000-0000,,,,,false,,Cancelled,,,,,,,,USA,Salvador - BA,2026-09-04 09:00:00,Cancelled by demo store,2026-03-31 00:00:00,,000.000.000-00,,
2026-03-29,224-153,SOLARIS HOME FRITADEIRA ELÉTRICA SEM ÓLEO DIGITAL COM CAPACIDADE DE 4 LITROS,B03QYF9KGZ,Amazon,USA,900002842,AKDN-80098,1,227.4,50.31,Pending,Vitória Esteves Moraes,isabelakalidossame@gmail.com,(00) 00000-0000,,,,,true,2026-03-31 00:00:00,Preparing,,,2026-04-01,,,,,USA,Brasília - DF,2026-09-04 09:00:00,,,,000.000.000-00,,
2026-03-30,224-170,ZENITH HOME ASPIRADOR ROBÔ INTELIGENTE COM MAPEAMENTO E BASE CARREGADORA,B04PLNRXV8,Walmart,USA,900002871,AKDN-80099,2,470.31,101.36,Pending,William Esteves Moraes,isabelakalidossame@gmail.com,(00) 00000-0000,,,,,true,2026-03-30 00:00:00,Preparing,,,2026-04-02,,,,,USA,Salvador - BA,2026-09-04 09:00:00,,,,000.000.000-00,,
2026-03-28,224-136,NOVAWAVE FONE DE OUVIDO SEM FIO COM CANCELAMENTO DE RUÍDO E ESTOJO,B0ZQC7R83S,Amazon,USA,900002813,AKDN-80097,1,219.74,49.94,Pending,Tiago Esteves Moraes,isabelakalidossame@gmail.com,(00) 00000-0000,,,,,true,2026-03-29 00:00:00,Preparing,,,2026-03-31,,,,,USA,Fortaleza - CE,2026-09-04 09:00:00,,,,000.000.000-00,,
2026-03-04,223-660,ZENITH HOME ASPIRADOR ROBÔ INTELIGENTE COM MAPEAMENTO E BASE CARREGADORA,B0YARGJGLT,Walmart,USA,900002001,AKDN-80069,2,348.3,79.16,Delivered,João Miguel Duarte Nogueira,isabelakalidossame@gmail.com,(00) 00000-0000,NX-041084-26,RCPT-073084,UPS Demo,DEMO00007001,true,2026-03-04 00:00:00,Delivered,2026-03-24,2026-03-29,2026-03-15,2026-03-24,2026-03-25,2026-03-27,2026-03-29,USA,Belo Horizonte - MG,2026-09-04 09:00:00,,,2026-03-29T00:00:00+00:00 | Delivered | Customer destination | Synthetic delivery confirmation. / 2026-03-27T00:00:00+00:00 | Out for Delivery | Distribution center | Synthetic distribution-center dispatch. / 2026-03-24T00:00:00+00:00 | In Transit | Destination hub | Synthetic arrival at destination hub. / 2026-03-16T00:00:00+00:00 | In Transit | Origin hub | Synthetic international dispatch. / 2026-03-15T00:00:00+00:00 | Preparing | Warehouse | Synthetic warehouse receipt.,000.000.000-00,2026-03-09,2026-03-18
2026-03-08,223-745,ZENITH HOME ASPIRADOR ROBÔ INTELIGENTE COM MAPEAMENTO E BASE CARREGADORA,B067VN38MV,Amazon,USA,900002146,AKDN-80074,1,207.15,41.43,Shipped,Paula Duarte Nogueira,isabelakalidossame@gmail.com,(00) 00000-0000,NX-041089-26,RCPT-073089,Global Parcel Demo,DEMO00007501,true,2026-03-10 00:00:00,In Transit,2026-03-28,,2026-03-17,2026-03-28,,,,USA,Brasília - DF,2026-09-04 09:00:00,,,2026-03-28T00:00:00+00:00 | In Transit | Destination hub | Synthetic arrival at destination hub. / 2026-03-20T00:00:00+00:00 | In Transit | Origin hub | Synthetic international dispatch. / 2026-03-17T00:00:00+00:00 | Preparing | Warehouse | Synthetic warehouse receipt.,000.000.000-00,2026-03-13,
2026-03-03,223-643,SOLARIS HOME FRITADEIRA ELÉTRICA SEM ÓLEO DIGITAL COM CAPACIDADE DE 4 LITROS,B0XB58257L,Amazon,USA,900001972,AKDN-80068,1,200.76,39.21,Delivered,Isadora Duarte Nogueira,isabelakalidossame@gmail.com,(00) 00000-0000,NX-041083-26,RCPT-073083,Global Parcel Demo,DEMO00006901,true,2026-03-05 00:00:00,Delivered,2026-03-23,2026-03-28,2026-03-13,2026-03-23,2026-03-26,2026-03-27,2026-03-28,USA,Recife - PE,2026-09-04 09:00:00,,,2026-03-28T00:00:00+00:00 | Delivered | Customer destination | Synthetic delivery confirmation. / 2026-03-27T00:00:00+00:00 | Out for Delivery | Distribution center | Synthetic distribution-center dispatch. / 2026-03-23T00:00:00+00:00 | In Transit | Destination hub | Synthetic arrival at destination hub. / 2026-03-16T00:00:00+00:00 | In Transit | Origin hub | Synthetic international dispatch. / 2026-03-13T00:00:00+00:00 | Preparing | Warehouse | Synthetic warehouse receipt.,000.000.000-00,2026-03-08,2026-03-17
2026-03-02,223-626,NOVAWAVE FONE DE OUVIDO SEM FIO COM CANCELAMENTO DE RUÍDO E ESTOJO,B0WBHZHSSE,Amazon,USA,900001943,AKDN-80067,1,194.2,38.84,Delivered,Heitor Duarte Nogueira,isabelakalidossame@gmail.com,(00) 00000-0000,NX-041082-26,RCPT-073082,FedEx Demo,DEMO00006801,true,2026-03-03 00:00:00,Delivered,2026-03-19,2026-03-27,2026-03-11,2026-03-19,2026-03-21,2026-03-23,2026-03-27,USA,Porto Alegre - RS,2026-09-04 09:00:00,,,2026-03-27T00:00:00+00:00 | Delivered | Customer destination | Synthetic delivery confirmation. / 2026-03-23T00:00:00+00:00 | Out for Delivery | Distribution center | Synthetic distribution-center dispatch. / 2026-03-19T00:00:00+00:00 | In Transit | Destination hub | Synthetic arrival at destination hub. / 2026-03-13T00:00:00+00:00 | In Transit | Origin hub | Synthetic international dispatch. / 2026-03-11T00:00:00+00:00 | Preparing | Warehouse | Synthetic warehouse receipt.,000.000.000-00,2026-03-07,2026-03-16
2026-03-09,223-762,VISTA DIGITAL MONITOR LED 24 POLEGADAS FULL HD COM AJUSTE DE INCLINAÇÃO,B086HWKK34,Walmart,USA,900002175,AKDN-80075,2,428.03,83.6,Shipped,Rafael Duarte Nogueira,isabelakalidossame@gmail.com,(00) 00000-0000,NX-041090-26,RCPT-073090,UPS Demo,DEMO00007601,true,2026-03-09 00:00:00,In Transit,2026-03-24,,2026-03-19,2026-03-24,,,,USA,Brasília - DF,2026-09-04 09:00:00,,,2026-03-24T00:00:00+00:00 | In Transit | Destination hub | Synthetic arrival at destination hub. / 2026-03-20T00:00:00+00:00 | In Transit | Origin hub | Synthetic international dispatch. / 2026-03-19T00:00:00+00:00 | Preparing | Warehouse | Synthetic warehouse receipt.,000.000.000-00,2026-03-14,
2026-03-07,223-728,SOLARIS HOME FRITADEIRA ELÉTRICA SEM ÓLEO DIGITAL COM CAPACIDADE DE 4 LITROS,B0589FKV8N,Amazon,USA,900002117,AKDN-80073,1,200.37,41.06,Shipped,Otávio Duarte Nogueira,isabelakalidossame@gmail.com,(00) 00000-0000,NX-041088-26,RCPT-073088,FedEx Demo,DEMO00007401,true,2026-03-08 00:00:00,At Distribution Center,2026-03-24,,2026-03-15,2026-03-24,,2026-03-20,,USA,Salvador - BA,2026-09-04 09:00:00,,,2026-03-24T00:00:00+00:00 | In Transit | Destination hub | Synthetic arrival at destination hub. / 2026-03-17T00:00:00+00:00 | In Transit | Origin hub | Synthetic international dispatch. / 2026-03-15T00:00:00+00:00 | Preparing | Warehouse | Synthetic warehouse receipt.,000.000.000-00,2026-03-12,
2026-03-05,223-677,VISTA DIGITAL MONITOR LED 24 POLEGADAS FULL HD COM AJUSTE DE INCLINAÇÃO,B029DQ2TZ2,eBay,USA,900002030,AKDN-80070,1,180.57,39.95,Delivered,Larissa Duarte Nogueira,isabelakalidossame@gmail.com,(00) 00000-0000,NX-041085-26,RCPT-073085,FedEx Demo,DEMO00007101,true,2026-03-06 00:00:00,Delivered,2026-03-16,2026-03-22,2026-03-10,2026-03-16,2026-03-18,2026-03-19,2026-03-22,USA,Fortaleza - CE,2026-09-04 09:00:00,,,2026-03-22T00:00:00+00:00 | Delivered | Customer destination | Synthetic delivery confirmation. / 2026-03-19T00:00:00+00:00 | Out for Delivery | Distribution center | Synthetic distribution-center dispatch. / 2026-03-16T00:00:00+00:00 | In Transit | Destination hub | Synthetic arrival at destination hub. / 2026-03-12T00:00:00+00:00 | In Transit | Origin hub | Synthetic international dispatch. / 2026-03-10T00:00:00+00:00 | Preparing | Warehouse | Synthetic warehouse receipt.,000.000.000-00,2026-03-10,2026-03-19
2026-03-01,223-592,VISTA DIGITAL MONITOR LED 24 POLEGADAS FULL HD COM AJUSTE DE INCLINAÇÃO,B0UD8HH3YY,Target,USA,900001885,AKDN-80065,1,181.36,38.1,Delivered,Felipe Duarte Nogueira,isabelakalidossame@gmail.com,(00) 00000-0000,NX-041080-26,RCPT-073080,Global Parcel Demo,DEMO00006601,true,2026-03-03 00:00:00,Delivered,2026-03-15,2026-03-22,2026-03-08,2026-03-15,2026-03-18,2026-03-20,2026-03-22,USA,Rio de Janeiro - RJ,2026-09-04 09:00:00,,,2026-03-22T00:00:00+00:00 | Delivered | Customer destination | Synthetic delivery confirmation. / 2026-03-20T00:00:00+00:00 | Out for Delivery | Distribution center | Synthetic distribution-center dispatch. / 2026-03-15T00:00:00+00:00 | In Transit | Destination hub | Synthetic arrival at destination hub. / 2026-03-11T00:00:00+00:00 | In Transit | Origin hub | Synthetic international dispatch. / 2026-03-08T00:00:00+00:00 | Preparing | Warehouse | Synthetic warehouse receipt.,000.000.000-00,2026-03-06,2026-03-15
2026-03-07,223-711,NOVAWAVE FONE DE OUVIDO SEM FIO COM CANCELAMENTO DE RUÍDO E ESTOJO,B048M73HTG,Amazon,USA,900002088,AKDN-80072,2,387.37,81.38,Shipped,Natália Duarte Nogueira,isabelakalidossame@gmail.com,(00) 00000-0000,NX-041087-26,RCPT-073087,UPS Demo,DEMO00007301,true,2026-03-07 00:00:00,At Distribution Center,2026-03-21,,2026-03-14,2026-03-21,,2026-03-20,,USA,Porto Alegre - RS,2026-09-04 09:00:00,,,2026-03-21T00:00:00+00:00 | In Transit | Destination hub | Synthetic arrival at destination hub. / 2026-03-15T00:00:00+00:00 | In Transit | Origin hub | Synthetic international dispatch. / 2026-03-14T00:00:00+00:00 | Preparing | Warehouse | Synthetic warehouse receipt.,000.000.000-00,2026-03-12,
2026-03-02,223-609,MOTION LABS CÂMERA DE AÇÃO 4K COM ESTABILIZAÇÃO E ACESSÓRIOS,B0VCURZFD7,Amazon,USA,900001914,AKDN-80066,2,375.47,76.94,Delivered,Gabriela Duarte Nogueira,isabelakalidossame@gmail.com,(00) 00000-0000,NX-041081-26,RCPT-073081,UPS Demo,DEMO00006701,true,2026-03-02 00:00:00,Delivered,2026-03-16,2026-03-21,2026-03-10,2026-03-16,2026-03-17,2026-03-18,2026-03-21,USA,Salvador - BA,2026-09-04 09:00:00,,,2026-03-21T00:00:00+00:00 | Delivered | Customer destination | Synthetic delivery confirmation. / 2026-03-18T00:00:00+00:00 | Out for Delivery | Distribution center | Synthetic distribution-center dispatch. / 2026-03-16T00:00:00+00:00 | In Transit | Destination hub | Synthetic arrival at destination hub. / 2026-03-11T00:00:00+00:00 | In Transit | Origin hub | Synthetic international dispatch. / 2026-03-10T00:00:00+00:00 | Preparing | Warehouse | Synthetic warehouse receipt.,000.000.000-00,2026-03-07,2026-03-16
2026-03-06,223-694,MOTION LABS CÂMERA DE AÇÃO 4K COM ESTABILIZAÇÃO E ACESSÓRIOS,B039ZXJ6E9,Target,USA,900002059,AKDN-80071,1,187.08,40.32,Shipped,Mateus Duarte Nogueira,isabelakalidossame@gmail.com,(00) 00000-0000,NX-041086-26,RCPT-073086,Global Parcel Demo,DEMO00007201,true,2026-03-08 00:00:00,In Transit,2026-03-20,,2026-03-12,2026-03-20,,,,USA,Rio de Janeiro - RJ,2026-09-04 09:00:00,,,2026-03-20T00:00:00+00:00 | In Transit | Destination hub | Synthetic arrival at destination hub. / 2026-03-15T00:00:00+00:00 | In Transit | Origin hub | Synthetic international dispatch. / 2026-03-12T00:00:00+00:00 | Preparing | Warehouse | Synthetic warehouse receipt.,000.000.000-00,2026-03-11,
2026-02-28,223-575,ZENITH HOME ASPIRADOR ROBÔ INTELIGENTE COM MAPEAMENTO E BASE CARREGADORA,B0TDLAZQJR,eBay,USA,900001856,AKDN-80064,1,175.07,37.73,Delivered,Elisa Duarte Nogueira,isabelakalidossame@gmail.com,(00) 00000-0000,NX-041079-26,RCPT-073079,FedEx Demo,DEMO00006501,true,2026-03-01 00:00:00,Delivered,2026-03-16,2026-03-20,2026-03-06,2026-03-16,2026-03-18,2026-03-19,2026-03-20,USA,Fortaleza - CE,2026-09-04 09:00:00,,,2026-03-20T00:00:00+00:00 | Delivered | Customer destination | Synthetic delivery confirmation. / 2026-03-19T00:00:00+00:00 | Out for Delivery | Distribution center | Synthetic distribution-center dispatch. / 2026-03-16T00:00:00+00:00 | In Transit | Destination hub | Synthetic arrival at destination hub. / 2026-03-08T00:00:00+00:00 | In Transit | Origin hub | Synthetic international dispatch. / 2026-03-06T00:00:00+00:00 | Preparing | Warehouse | Synthetic warehouse receipt.,000.000.000-00,2026-03-05,2026-03-14
2026-02-27,223-558,SOLARIS HOME FRITADEIRA ELÉTRICA SEM ÓLEO DIGITAL COM CAPACIDADE DE 4 LITROS,B0REY2GD5J,Walmart,USA,900001827,AKDN-80063,2,337.73,74.72,Delivered,Daniel Duarte Nogueira,isabelakalidossame@gmail.com,(00) 00000-0000,NX-041078-26,RCPT-073078,UPS Demo,DEMO00006401,true,2026-02-27 00:00:00,Delivered,2026-03-12,2026-03-19,2026-03-04,2026-03-12,2026-03-13,2026-03-15,2026-03-19,USA,Porto Alegre - RS,2026-09-04 09:00:00,,,2026-03-19T00:00:00+00:00 | Delivered | Customer destination | Synthetic delivery confirmation. / 2026-03-15T00:00:00+00:00 | Out for Delivery | Distribution center | Synthetic distribution-center dispatch. / 2026-03-12T00:00:00+00:00 | In Transit | Destination hub | Synthetic arrival at destination hub. / 2026-03-05T00:00:00+00:00 | In Transit | Origin hub | Synthetic international dispatch. / 2026-03-04T00:00:00+00:00 | Preparing | Warehouse | Synthetic warehouse receipt.,000.000.000-00,2026-03-04,2026-03-13
2026-03-15,223-881,NOVAWAVE FONE DE OUVIDO SEM FIO COM CANCELAMENTO DE RUÍDO E ESTOJO,B0G2WL5ZWL,eBay,USA,900002378,AKDN-80082,1,227.28,44.39,Cancelled,Camila Esteves Moraes,isabelakalidossame@gmail.com,(00) 00000-0000,,,,,false,,Cancelled,,,,,,,,USA,Curitiba - PR,2026-09-04 09:00:00,Cancelled by demo store,2026-03-18 00:00:00,,000.000.000-00,,
2026-03-14,223-864,MOTION LABS CÂMERA DE AÇÃO 4K COM ESTABILIZAÇÃO E ACESSÓRIOS,B0F3ACMNHD,Walmart,USA,900002349,AKDN-80081,2,440.2,88.04,Cancelled,Bruno Esteves Moraes,isabelakalidossame@gmail.com,(00) 00000-0000,,,,,false,,Cancelled,,,,,,,,USA,Belo Horizonte - MG,2026-09-04 09:00:00,Cancelled by demo customer,2026-03-16 00:00:00,,000.000.000-00,,
2026-03-13,223-847,VISTA DIGITAL MONITOR LED 24 POLEGADAS FULL HD COM AJUSTE DE INCLINAÇÃO,B0D3N55B46,Amazon,USA,900002320,AKDN-80080,1,213.01,43.65,Cancelled,Ana Clara Esteves Moraes,isabelakalidossame@gmail.com,(00) 00000-0000,,,,,false,,Cancelled,,,,,,,,USA,Fortaleza - CE,2026-09-04 09:00:00,Cancelled by demo store,2026-03-14 00:00:00,,000.000.000-00,,
2026-03-13,223-830,ZENITH HOME ASPIRADOR ROBÔ INTELIGENTE COM MAPEAMENTO E BASE CARREGADORA,B0C42VLYPX,Amazon,USA,900002291,AKDN-80079,1,206.01,43.28,Pending,William Duarte Nogueira,isabelakalidossame@gmail.com,(00) 00000-0000,,,,,true,2026-03-14 00:00:00,Preparing,,,2026-03-16,,,,,USA,Recife - PE,2026-09-04 09:00:00,,,,000.000.000-00,,
2026-03-11,223-796,NOVAWAVE FONE DE OUVIDO SEM FIO COM CANCELAMENTO DE RUÍDO E ESTOJO,B0A5SDL9VJ,Target,USA,900002233,AKDN-80077,1,192.28,42.54,Pending,Tiago Duarte Nogueira,isabelakalidossame@gmail.com,(00) 00000-0000,,,,,true,2026-03-13 00:00:00,Preparing,,,2026-03-14,,,,,USA,Goiânia - GO,2026-09-04 09:00:00,,,,000.000.000-00,,
2026-02-13,223-286,NOVAWAVE FONE DE OUVIDO SEM FIO COM CANCELAMENTO DE RUÍDO E ESTOJO,B07QW7DTL5,Target,USA,900001363,AKDN-80047,1,160.97,31.44,Delivered,Heitor Cardoso Freitas,isabelakalidossame@gmail.com,(00) 00000-0000,NX-041062-26,RCPT-073062,Global Parcel Demo,DEMO00004801,true,2026-02-15 00:00:00,Delivered,2026-03-04,2026-03-13,2026-02-23,2026-03-04,2026-03-07,2026-03-09,2026-03-13,USA,Rio de Janeiro - RJ,2026-09-04 09:00:00,,,2026-03-13T00:00:00+00:00 | Delivered | Customer destination | Synthetic delivery confirmation. / 2026-03-09T00:00:00+00:00 | Out for Delivery | Distribution center | Synthetic distribution-center dispatch. / 2026-03-04T00:00:00+00:00 | In Transit | Destination hub | Synthetic arrival at destination hub. / 2026-02-26T00:00:00+00:00 | In Transit | Origin hub | Synthetic international dispatch. / 2026-02-23T00:00:00+00:00 | Preparing | Warehouse | Synthetic warehouse receipt.,000.000.000-00,2026-02-18,2026-02-27
2026-03-12,223-813,SOLARIS HOME FRITADEIRA ELÉTRICA SEM ÓLEO DIGITAL COM CAPACIDADE DE 4 LITROS,B0B4EM4LAR,Amazon,USA,900002262,AKDN-80078,2,398.2,85.82,Pending,Vitória Duarte Nogueira,isabelakalidossame@gmail.com,(00) 00000-0000,,,,,true,2026-03-12 00:00:00,Preparing,,,2026-03-15,,,,,USA,Brasília - DF,2026-09-04 09:00:00,,,,000.000.000-00,,
2026-02-19,223-405,ZENITH HOME ASPIRADOR ROBÔ INTELIGENTE COM MAPEAMENTO E BASE CARREGADORA,B0FKBVW9GM,Amazon,USA,900001566,AKDN-80054,2,348.47,68.06,Shipped,Paula Cardoso Freitas,isabelakalidossame@gmail.com,(00) 00000-0000,NX-041069-26,RCPT-073069,UPS Demo,DEMO00005501,true,2026-02-19 00:00:00,At Distribution Center,2026-03-10,,2026-03-01,2026-03-10,,2026-03-04,,USA,Porto Alegre - RS,2026-09-04 09:00:00,,,2026-03-10T00:00:00+00:00 | In Transit | Destination hub | Synthetic arrival at destination hub. / 2026-03-02T00:00:00+00:00 | In Transit | Origin hub | Synthetic international dispatch. / 2026-03-01T00:00:00+00:00 | Preparing | Warehouse | Synthetic warehouse receipt.,000.000.000-00,2026-02-24,
2026-02-20,223-422,VISTA DIGITAL MONITOR LED 24 POLEGADAS FULL HD COM AJUSTE DE INCLINAÇÃO,B0GKX5ELVU,Amazon,USA,900001595,AKDN-80055,1,151.36,34.4,Shipped,Rafael Cardoso Freitas,isabelakalidossame@gmail.com,(00) 00000-0000,NX-041070-26,RCPT-073070,FedEx Demo,DEMO00005601,true,2026-02-21 00:00:00,At Distribution Center,2026-03-09,,2026-03-03,2026-03-09,,2026-03-05,,USA,Salvador - BA,2026-09-04 09:00:00,,,2026-03-09T00:00:00+00:00 | In Transit | Destination hub | Synthetic arrival at destination hub. / 2026-03-05T00:00:00+00:00 | In Transit | Origin hub | Synthetic international dispatch. / 2026-03-03T00:00:00+00:00 | Preparing | Warehouse | Synthetic warehouse receipt.,000.000.000-00,2026-02-25,
2026-02-18,223-388,SOLARIS HOME FRITADEIRA ELÉTRICA SEM ÓLEO DIGITAL COM CAPACIDADE DE 4 LITROS,B0ELPMEW2E,Target,USA,900001537,AKDN-80053,1,168.3,33.66,Shipped,Otávio Cardoso Freitas,isabelakalidossame@gmail.com,(00) 00000-0000,NX-041068-26,RCPT-073068,Global Parcel Demo,DEMO00005401,true,2026-02-20 00:00:00,In Transit,2026-03-09,,2026-02-27,2026-03-09,,,,USA,Salvador - BA,2026-09-04 09:00:00,,,2026-03-09T00:00:00+00:00 | In Transit | Destination hub | Synthetic arrival at destination hub. / 2026-03-02T00:00:00+00:00 | In Transit | Origin hub | Synthetic international dispatch. / 2026-02-27T00:00:00+00:00 | Preparing | Warehouse | Synthetic warehouse receipt.,000.000.000-00,2026-02-23,
2026-02-16,223-337,VISTA DIGITAL MONITOR LED 24 POLEGADAS FULL HD COM AJUSTE DE INCLINAÇÃO,B0ANTWVUTR,Amazon,USA,900001450,AKDN-80050,1,151.03,32.55,Delivered,Larissa Cardoso Freitas,isabelakalidossame@gmail.com,(00) 00000-0000,NX-041065-26,RCPT-073065,Global Parcel Demo,DEMO00005101,true,2026-02-18 00:00:00,Delivered,2026-03-01,2026-03-08,2026-02-22,2026-03-01,2026-03-04,2026-03-05,2026-03-08,USA,Goiânia - GO,2026-09-04 09:00:00,,,2026-03-08T00:00:00+00:00 | Delivered | Customer destination | Synthetic delivery confirmation. / 2026-03-05T00:00:00+00:00 | Out for Delivery | Distribution center | Synthetic distribution-center dispatch. / 2026-03-01T00:00:00+00:00 | In Transit | Destination hub | Synthetic arrival at destination hub. / 2026-02-25T00:00:00+00:00 | In Transit | Origin hub | Synthetic international dispatch. / 2026-02-22T00:00:00+00:00 | Preparing | Warehouse | Synthetic warehouse receipt.,000.000.000-00,2026-02-21,2026-03-02
2026-02-15,223-320,ZENITH HOME ASPIRADOR ROBÔ INTELIGENTE COM MAPEAMENTO E BASE CARREGADORA,B09P7PDHEK,Amazon,USA,900001421,AKDN-80049,1,145.45,32.18,Delivered,João Miguel Cardoso Freitas,isabelakalidossame@gmail.com,(00) 00000-0000,NX-041064-26,RCPT-073064,FedEx Demo,DEMO00005001,true,2026-02-16 00:00:00,Delivered,2026-03-02,2026-03-08,2026-02-20,2026-03-02,2026-03-04,2026-03-06,2026-03-08,USA,Recife - PE,2026-09-04 09:00:00,,,2026-03-08T00:00:00+00:00 | Delivered | Customer destination | Synthetic delivery confirmation. / 2026-03-06T00:00:00+00:00 | Out for Delivery | Distribution center | Synthetic distribution-center dispatch. / 2026-03-02T00:00:00+00:00 | In Transit | Destination hub | Synthetic arrival at destination hub. / 2026-02-22T00:00:00+00:00 | In Transit | Origin hub | Synthetic international dispatch. / 2026-02-20T00:00:00+00:00 | Preparing | Warehouse | Synthetic warehouse receipt.,000.000.000-00,2026-02-20,2026-03-01
2026-02-14,223-303,SOLARIS HOME FRITADEIRA ELÉTRICA SEM ÓLEO DIGITAL COM CAPACIDADE DE 4 LITROS,B08PJFV6ZC,Amazon,USA,900001392,AKDN-80048,2,279.93,63.62,Delivered,Isadora Cardoso Freitas,isabelakalidossame@gmail.com,(00) 00000-0000,NX-041063-26,RCPT-073063,UPS Demo,DEMO00004901,true,2026-02-14 00:00:00,Delivered,2026-03-05,2026-03-08,2026-02-25,2026-03-05,2026-03-06,2026-03-07,2026-03-08,USA,Salvador - BA,2026-09-04 09:00:00,,,2026-03-08T00:00:00+00:00 | Delivered | Customer destination | Synthetic delivery confirmation. / 2026-03-07T00:00:00+00:00 | Out for Delivery | Distribution center | Synthetic distribution-center dispatch. / 2026-03-05T00:00:00+00:00 | In Transit | Destination hub | Synthetic arrival at destination hub. / 2026-02-26T00:00:00+00:00 | In Transit | Origin hub | Synthetic international dispatch. / 2026-02-25T00:00:00+00:00 | Preparing | Warehouse | Synthetic warehouse receipt.,000.000.000-00,2026-02-19,2026-02-28
2026-02-13,223-269,MOTION LABS CÂMERA DE AÇÃO 4K COM ESTABILIZAÇÃO E ACESSÓRIOS,B05RAYUF7W,eBay,USA,900001334,AKDN-80046,1,155.35,31.07,Delivered,Gabriela Cardoso Freitas,isabelakalidossame@gmail.com,(00) 00000-0000,NX-041061-26,RCPT-073061,FedEx Demo,DEMO00004701,true,2026-02-14 00:00:00,Delivered,2026-03-01,2026-03-07,2026-02-22,2026-03-01,2026-03-03,2026-03-04,2026-03-07,USA,Manaus - AM,2026-09-04 09:00:00,,,2026-03-07T00:00:00+00:00 | Delivered | Customer destination | Synthetic delivery confirmation. / 2026-03-04T00:00:00+00:00 | Out for Delivery | Distribution center | Synthetic distribution-center dispatch. / 2026-03-01T00:00:00+00:00 | In Transit | Destination hub | Synthetic arrival at destination hub. / 2026-02-24T00:00:00+00:00 | In Transit | Origin hub | Synthetic international dispatch. / 2026-02-22T00:00:00+00:00 | Preparing | Warehouse | Synthetic warehouse receipt.,000.000.000-00,2026-02-18,2026-02-27
2026-02-18,223-371,NOVAWAVE FONE DE OUVIDO SEM FIO COM CANCELAMENTO DE RUÍDO E ESTOJO,B0CM3EWJM7,eBay,USA,900001508,AKDN-80052,1,162.46,33.29,Shipped,Natália Cardoso Freitas,isabelakalidossame@gmail.com,(00) 00000-0000,NX-041067-26,RCPT-073067,FedEx Demo,DEMO00005301,true,2026-02-19 00:00:00,Out for Delivery,2026-03-06,,2026-02-26,2026-03-06,,2026-03-03,,USA,Brasília - DF,2026-09-04 09:00:00,,,2026-03-06T00:00:00+00:00 | In Transit | Destination hub | Synthetic arrival at destination hub. / 2026-02-28T00:00:00+00:00 | In Transit | Origin hub | Synthetic international dispatch. / 2026-02-26T00:00:00+00:00 | Preparing | Warehouse | Synthetic warehouse receipt.,000.000.000-00,2026-02-23,2026-03-04
2026-02-11,223-235,ZENITH HOME ASPIRADOR ROBÔ INTELIGENTE COM MAPEAMENTO E BASE CARREGADORA,B03S2GURDG,Amazon,USA,900001276,AKDN-80044,1,144.37,30.33,Delivered,Elisa Cardoso Freitas,isabelakalidossame@gmail.com,(00) 00000-0000,NX-041059-26,RCPT-073059,Global Parcel Demo,DEMO00004501,true,2026-02-13 00:00:00,Delivered,2026-03-01,2026-03-06,2026-02-18,2026-03-01,2026-03-04,2026-03-05,2026-03-06,USA,Recife - PE,2026-09-04 09:00:00,,,2026-03-06T00:00:00+00:00 | Delivered | Customer destination | Synthetic delivery confirmation. / 2026-03-05T00:00:00+00:00 | Out for Delivery | Distribution center | Synthetic distribution-center dispatch. / 2026-03-01T00:00:00+00:00 | In Transit | Destination hub | Synthetic arrival at destination hub. / 2026-02-21T00:00:00+00:00 | In Transit | Origin hub | Synthetic international dispatch. / 2026-02-18T00:00:00+00:00 | Preparing | Warehouse | Synthetic warehouse receipt.,000.000.000-00,2026-02-16,2026-02-25
2026-02-10,223-218,SOLARIS HOME FRITADEIRA ELÉTRICA SEM ÓLEO DIGITAL COM CAPACIDADE DE 4 LITROS,B02SE9CEYA,Amazon,USA,900001247,AKDN-80043,1,139.01,29.96,Delivered,Daniel Cardoso Freitas,isabelakalidossame@gmail.com,(00) 00000-0000,NX-041058-26,RCPT-073058,FedEx Demo,DEMO00004401,true,2026-02-11 00:00:00,Delivered,2026-02-25,2026-03-05,2026-02-16,2026-02-25,2026-02-27,2026-03-01,2026-03-05,USA,Porto Alegre - RS,2026-09-04 09:00:00,,,2026-03-05T00:00:00+00:00 | Delivered | Customer destination | Synthetic delivery confirmation. / 2026-03-01T00:00:00+00:00 | Out for Delivery | Distribution center | Synthetic distribution-center dispatch. / 2026-02-25T00:00:00+00:00 | In Transit | Destination hub | Synthetic arrival at destination hub. / 2026-02-18T00:00:00+00:00 | In Transit | Origin hub | Synthetic international dispatch. / 2026-02-16T00:00:00+00:00 | Preparing | Warehouse | Synthetic warehouse receipt.,000.000.000-00,2026-02-15,2026-02-24
2026-02-17,223-354,MOTION LABS CÂMERA DE AÇÃO 4K COM ESTABILIZAÇÃO E ACESSÓRIOS,B0BMF6E78Y,Walmart,USA,900001479,AKDN-80051,2,313.4,65.84,Shipped,Mateus Cardoso Freitas,isabelakalidossame@gmail.com,(00) 00000-0000,NX-041066-26,RCPT-073066,UPS Demo,DEMO00005201,true,2026-02-17 00:00:00,At Distribution Center,2026-03-02,,2026-02-24,2026-03-02,,2026-03-02,,USA,Rio de Janeiro - RJ,2026-09-04 09:00:00,,,2026-03-02T00:00:00+00:00 | In Transit | Destination hub | Synthetic arrival at destination hub. / 2026-02-25T00:00:00+00:00 | In Transit | Origin hub | Synthetic international dispatch. / 2026-02-24T00:00:00+00:00 | Preparing | Warehouse | Synthetic warehouse receipt.,000.000.000-00,2026-02-22,
2026-02-12,223-252,VISTA DIGITAL MONITOR LED 24 POLEGADAS FULL HD COM AJUSTE DE INCLINAÇÃO,B04RNQC4SP,Walmart,USA,900001305,AKDN-80045,2,299.63,61.4,Delivered,Felipe Cardoso Freitas,isabelakalidossame@gmail.com,(00) 00000-0000,NX-041060-26,RCPT-073060,UPS Demo,DEMO00004601,true,2026-02-12 00:00:00,Delivered,2026-02-25,2026-03-02,2026-02-20,2026-02-25,2026-02-26,2026-02-28,2026-03-02,USA,Fortaleza - CE,2026-09-04 09:00:00,,,2026-03-02T00:00:00+00:00 | Delivered | Customer destination | Synthetic delivery confirmation. / 2026-02-28T00:00:00+00:00 | Out for Delivery | Distribution center | Synthetic distribution-center dispatch. / 2026-02-25T00:00:00+00:00 | In Transit | Destination hub | Synthetic arrival at destination hub. / 2026-02-21T00:00:00+00:00 | In Transit | Origin hub | Synthetic international dispatch. / 2026-02-20T00:00:00+00:00 | Preparing | Warehouse | Synthetic warehouse receipt.,000.000.000-00,2026-02-17,2026-02-26
2026-02-26,223-541,NOVAWAVE FONE DE OUVIDO SEM FIO COM CANCELAMENTO DE RUÍDO E ESTOJO,B0QECSY2QB,Amazon,USA,900001798,AKDN-80062,1,162.76,36.99,Cancelled,Camila Duarte Nogueira,isabelakalidossame@gmail.com,(00) 00000-0000,,,,,false,,Cancelled,,,,,,,,USA,Goiânia - GO,2026-09-04 09:00:00,Cancelled by demo store,2026-03-01 00:00:00,,000.000.000-00,,
2026-02-25,223-524,MOTION LABS CÂMERA DE AÇÃO 4K COM ESTABILIZAÇÃO E ACESSÓRIOS,B0PFQKGPB5,Amazon,USA,900001769,AKDN-80061,1,187.49,36.62,Cancelled,Bruno Duarte Nogueira,isabelakalidossame@gmail.com,(00) 00000-0000,,,,,false,,Cancelled,,,,,,,,USA,Curitiba - PR,2026-09-04 09:00:00,Cancelled by demo customer,2026-02-27 00:00:00,,000.000.000-00,,
2026-02-24,223-490,ZENITH HOME ASPIRADOR ROBÔ INTELIGENTE COM MAPEAMENTO E BASE CARREGADORA,B0MGG3FYHP,Target,USA,900001711,AKDN-80059,1,175.09,35.88,Pending,William Cardoso Freitas,isabelakalidossame@gmail.com,(00) 00000-0000,,,,,true,2026-02-26 00:00:00,Preparing,,,2026-02-27,,,,,USA,Goiânia - GO,2026-09-04 09:00:00,,,,000.000.000-00,,
2026-02-24,223-507,VISTA DIGITAL MONITOR LED 24 POLEGADAS FULL HD COM AJUSTE DE INCLINAÇÃO,B0NG4BYCWW,Amazon,USA,900001740,AKDN-80060,2,362.5,72.5,Cancelled,Ana Clara Duarte Nogueira,isabelakalidossame@gmail.com,(00) 00000-0000,,,,,false,,Cancelled,,,,,,,,USA,Curitiba - PR,2026-09-04 09:00:00,Cancelled by demo store,2026-02-25 00:00:00,,000.000.000-00,,
2026-02-23,223-473,SOLARIS HOME FRITADEIRA ELÉTRICA SEM ÓLEO DIGITAL COM CAPACIDADE DE 4 LITROS,B0LHUUXM4G,eBay,USA,900001682,AKDN-80058,1,169.03,35.51,Pending,Vitória Cardoso Freitas,isabelakalidossame@gmail.com,(00) 00000-0000,,,,,true,2026-02-24 00:00:00,Preparing,,,2026-02-26,,,,,USA,Porto Alegre - RS,2026-09-04 09:00:00,,,,000.000.000-00,,
2026-02-02,223-065,ZENITH HOME ASPIRADOR ROBÔ INTELIGENTE COM MAPEAMENTO E BASE CARREGADORA,B0PYR4RAAC,eBay,USA,900000986,AKDN-80034,1,117.17,26.63,Shipped,Paula Barbosa Lima,isabelakalidossame@gmail.com,(00) 00000-0000,NX-041049-26,RCPT-073049,FedEx Demo,DEMO00003501,true,2026-02-03 00:00:00,In Transit,2026-02-23,,2026-02-13,2026-02-23,,,,USA,Belo Horizonte - MG,2026-09-04 09:00:00,,,2026-02-23T00:00:00+00:00 | In Transit | Destination hub | Synthetic arrival at destination hub. / 2026-02-15T00:00:00+00:00 | In Transit | Origin hub | Synthetic international dispatch. / 2026-02-13T00:00:00+00:00 | Preparing | Warehouse | Synthetic warehouse receipt.,000.000.000-00,2026-02-07,
2026-02-22,223-456,NOVAWAVE FONE DE OUVIDO SEM FIO COM CANCELAMENTO DE RUÍDO E ESTOJO,B0JJ7LFAP9,Walmart,USA,900001653,AKDN-80057,2,326.1,70.28,Pending,Tiago Cardoso Freitas,isabelakalidossame@gmail.com,(00) 00000-0000,,,,,true,2026-02-22 00:00:00,Preparing,,,2026-02-25,,,,,USA,Recife - PE,2026-09-04 09:00:00,,,,000.000.000-00,,
2026-01-29,222-980,ZENITH HOME ASPIRADOR ROBÔ INTELIGENTE COM MAPEAMENTO E BASE CARREGADORA,B0H3LV8J8A,Target,USA,900000841,AKDN-80029,1,114.98,24.78,Delivered,João Miguel Barbosa Lima,isabelakalidossame@gmail.com,(00) 00000-0000,NX-041044-26,RCPT-073044,Global Parcel Demo,DEMO00003001,true,2026-01-31 00:00:00,Delivered,2026-02-15,2026-02-22,2026-02-04,2026-02-15,2026-02-18,2026-02-20,2026-02-22,USA,Brasília - DF,2026-09-04 09:00:00,,,2026-02-22T00:00:00+00:00 | Delivered | Customer destination | Synthetic delivery confirmation. / 2026-02-20T00:00:00+00:00 | Out for Delivery | Distribution center | Synthetic distribution-center dispatch. / 2026-02-15T00:00:00+00:00 | In Transit | Destination hub | Synthetic arrival at destination hub. / 2026-02-07T00:00:00+00:00 | In Transit | Origin hub | Synthetic international dispatch. / 2026-02-04T00:00:00+00:00 | Preparing | Warehouse | Synthetic warehouse receipt.,000.000.000-00,2026-02-03,2026-02-12
2026-01-27,222-946,NOVAWAVE FONE DE OUVIDO SEM FIO COM CANCELAMENTO DE RUÍDO E ESTOJO,B0F4CE8UEU,Walmart,USA,900000783,AKDN-80027,2,211.55,48.08,Delivered,Heitor Barbosa Lima,isabelakalidossame@gmail.com,(00) 00000-0000,NX-041042-26,RCPT-073042,UPS Demo,DEMO00002801,true,2026-01-27 00:00:00,Delivered,2026-02-14,2026-02-21,2026-02-07,2026-02-14,2026-02-15,2026-02-17,2026-02-21,USA,Rio de Janeiro - RJ,2026-09-04 09:00:00,,,2026-02-21T00:00:00+00:00 | Delivered | Customer destination | Synthetic delivery confirmation. / 2026-02-17T00:00:00+00:00 | Out for Delivery | Distribution center | Synthetic distribution-center dispatch. / 2026-02-14T00:00:00+00:00 | In Transit | Destination hub | Synthetic arrival at destination hub. / 2026-02-08T00:00:00+00:00 | In Transit | Origin hub | Synthetic international dispatch. / 2026-02-07T00:00:00+00:00 | Preparing | Warehouse | Synthetic warehouse receipt.,000.000.000-00,2026-02-01,2026-02-10
2026-01-27,222-929,MOTION LABS CÂMERA DE AÇÃO 4K COM ESTABILIZAÇÃO E ACESSÓRIOS,B0E5Q6PGZN,Amazon,USA,900000754,AKDN-80026,1,121.19,23.67,Delivered,Gabriela Barbosa Lima,isabelakalidossame@gmail.com,(00) 00000-0000,NX-041041-26,RCPT-073041,Global Parcel Demo,DEMO00002701,true,2026-01-29 00:00:00,Delivered,2026-02-14,2026-02-21,2026-02-06,2026-02-14,2026-02-17,2026-02-18,2026-02-21,USA,Goiânia - GO,2026-09-04 09:00:00,,,2026-02-21T00:00:00+00:00 | Delivered | Customer destination | Synthetic delivery confirmation. / 2026-02-18T00:00:00+00:00 | Out for Delivery | Distribution center | Synthetic distribution-center dispatch. / 2026-02-14T00:00:00+00:00 | In Transit | Destination hub | Synthetic arrival at destination hub. / 2026-02-09T00:00:00+00:00 | In Transit | Origin hub | Synthetic international dispatch. / 2026-02-06T00:00:00+00:00 | Preparing | Warehouse | Synthetic warehouse receipt.,000.000.000-00,2026-02-01,2026-02-10
2026-02-02,223-048,SOLARIS HOME FRITADEIRA ELÉTRICA SEM ÓLEO DIGITAL COM CAPACIDADE DE 4 LITROS,B0NZ5U9WV5,Walmart,USA,900000957,AKDN-80033,2,268.9,52.52,Shipped,Otávio Barbosa Lima,isabelakalidossame@gmail.com,(00) 00000-0000,NX-041048-26,RCPT-073048,UPS Demo,DEMO00003401,true,2026-02-02 00:00:00,At Distribution Center,2026-02-20,,2026-02-12,2026-02-20,,2026-02-15,,USA,Salvador - BA,2026-09-04 09:00:00,,,2026-02-20T00:00:00+00:00 | In Transit | Destination hub | Synthetic arrival at destination hub. / 2026-02-13T00:00:00+00:00 | In Transit | Origin hub | Synthetic international dispatch. / 2026-02-12T00:00:00+00:00 | Preparing | Warehouse | Synthetic warehouse receipt.,000.000.000-00,2026-02-07,
2026-02-01,223-031,NOVAWAVE FONE DE OUVIDO SEM FIO COM CANCELAMENTO DE RUÍDO E ESTOJO,B0MZHLRKFX,Amazon,USA,900000928,AKDN-80032,1,129.45,25.89,Shipped,Natália Barbosa Lima,isabelakalidossame@gmail.com,(00) 00000-0000,NX-041047-26,RCPT-073047,Global Parcel Demo,DEMO00003301,true,2026-02-03 00:00:00,Out for Delivery,2026-02-19,,2026-02-10,2026-02-19,,,,USA,Recife - PE,2026-09-04 09:00:00,,,2026-02-19T00:00:00+00:00 | In Transit | Destination hub | Synthetic arrival at destination hub. / 2026-02-13T00:00:00+00:00 | In Transit | Origin hub | Synthetic international dispatch. / 2026-02-10T00:00:00+00:00 | Preparing | Warehouse | Synthetic warehouse receipt.,000.000.000-00,2026-02-06,2026-02-15
2026-01-24,222-878,SOLARIS HOME FRITADEIRA ELÉTRICA SEM ÓLEO DIGITAL COM CAPACIDADE DE 4 LITROS,B0A7UF7FSZ,Target,USA,900000667,AKDN-80023,1,107.39,22.56,Delivered,Daniel Barbosa Lima,isabelakalidossame@gmail.com,(00) 00000-0000,NX-041038-26,RCPT-073038,Global Parcel Demo,DEMO00002401,true,2026-01-26 00:00:00,Delivered,2026-02-10,2026-02-19,2026-01-31,2026-02-10,2026-02-13,2026-02-15,2026-02-19,USA,Goiânia - GO,2026-09-04 09:00:00,,,2026-02-19T00:00:00+00:00 | Delivered | Customer destination | Synthetic delivery confirmation. / 2026-02-15T00:00:00+00:00 | Out for Delivery | Distribution center | Synthetic distribution-center dispatch. / 2026-02-10T00:00:00+00:00 | In Transit | Destination hub | Synthetic arrival at destination hub. / 2026-02-03T00:00:00+00:00 | In Transit | Origin hub | Synthetic international dispatch. / 2026-01-31T00:00:00+00:00 | Preparing | Warehouse | Synthetic warehouse receipt.,000.000.000-00,2026-01-29,2026-02-07
2026-01-30,222-997,VISTA DIGITAL MONITOR LED 24 POLEGADAS FULL HD COM AJUSTE DE INCLINAÇÃO,B0K385QVMH,Amazon,USA,900000870,AKDN-80030,2,239.43,50.3,Delivered,Larissa Barbosa Lima,isabelakalidossame@gmail.com,(00) 00000-0000,NX-041045-26,RCPT-073045,UPS Demo,DEMO00003101,true,2026-01-30 00:00:00,Delivered,2026-02-11,2026-02-16,2026-02-06,2026-02-11,2026-02-12,2026-02-13,2026-02-16,USA,Fortaleza - CE,2026-09-04 09:00:00,,,2026-02-16T00:00:00+00:00 | Delivered | Customer destination | Synthetic delivery confirmation. / 2026-02-13T00:00:00+00:00 | Out for Delivery | Distribution center | Synthetic distribution-center dispatch. / 2026-02-11T00:00:00+00:00 | In Transit | Destination hub | Synthetic arrival at destination hub. / 2026-02-07T00:00:00+00:00 | In Transit | Origin hub | Synthetic international dispatch. / 2026-02-06T00:00:00+00:00 | Preparing | Warehouse | Synthetic warehouse receipt.,000.000.000-00,2026-02-04,2026-02-13
2026-01-26,222-912,VISTA DIGITAL MONITOR LED 24 POLEGADAS FULL HD COM AJUSTE DE INCLINAÇÃO,B0D64X75LF,Amazon,USA,900000725,AKDN-80025,1,116.5,23.3,Delivered,Felipe Barbosa Lima,isabelakalidossame@gmail.com,(00) 00000-0000,NX-041040-26,RCPT-073040,FedEx Demo,DEMO00002601,true,2026-01-27 00:00:00,Delivered,2026-02-10,2026-02-16,2026-02-04,2026-02-10,2026-02-12,2026-02-14,2026-02-16,USA,Rio de Janeiro - RJ,2026-09-04 09:00:00,,,2026-02-16T00:00:00+00:00 | Delivered | Customer destination | Synthetic delivery confirmation. / 2026-02-14T00:00:00+00:00 | Out for Delivery | Distribution center | Synthetic distribution-center dispatch. / 2026-02-10T00:00:00+00:00 | In Transit | Destination hub | Synthetic arrival at destination hub. / 2026-02-06T00:00:00+00:00 | In Transit | Origin hub | Synthetic international dispatch. / 2026-02-04T00:00:00+00:00 | Preparing | Warehouse | Synthetic warehouse receipt.,000.000.000-00,2026-01-31,2026-02-09
2026-02-03,223-082,VISTA DIGITAL MONITOR LED 24 POLEGADAS FULL HD COM AJUSTE DE INCLINAÇÃO,B0QXDBAMPK,Target,USA,900001015,AKDN-80035,1,122.04,27,Shipped,Rafael Barbosa Lima,isabelakalidossame@gmail.com,(00) 00000-0000,NX-041050-26,RCPT-073050,Global Parcel Demo,DEMO00003601,true,2026-02-05 00:00:00,Out for Delivery,2026-02-15,,2026-02-08,2026-02-15,,2026-02-16,,USA,Belo Horizonte - MG,2026-09-04 09:00:00,,,2026-02-15T00:00:00+00:00 | In Transit | Destination hub | Synthetic arrival at destination hub. / 2026-02-11T00:00:00+00:00 | In Transit | Origin hub | Synthetic international dispatch. / 2026-02-08T00:00:00+00:00 | Preparing | Warehouse | Synthetic warehouse receipt.,000.000.000-00,2026-02-08,2026-02-17
2026-01-31,223-014,MOTION LABS CÂMERA DE AÇÃO 4K COM ESTABILIZAÇÃO E ACESSÓRIOS,B0L2VD982Q,Amazon,USA,900000899,AKDN-80031,1,124.54,25.52,Shipped,Mateus Barbosa Lima,isabelakalidossame@gmail.com,(00) 00000-0000,NX-041046-26,RCPT-073046,FedEx Demo,DEMO00003201,true,2026-02-01 00:00:00,At Distribution Center,2026-02-15,,2026-02-08,2026-02-15,,2026-02-13,,USA,Brasília - DF,2026-09-04 09:00:00,,,2026-02-15T00:00:00+00:00 | In Transit | Destination hub | Synthetic arrival at destination hub. / 2026-02-10T00:00:00+00:00 | In Transit | Origin hub | Synthetic international dispatch. / 2026-02-08T00:00:00+00:00 | Preparing | Warehouse | Synthetic warehouse receipt.,000.000.000-00,2026-02-05,
2026-01-28,222-963,SOLARIS HOME FRITADEIRA ELÉTRICA SEM ÓLEO DIGITAL COM CAPACIDADE DE 4 LITROS,B0G4YNQ7T3,eBay,USA,900000812,AKDN-80028,1,110.33,24.41,Delivered,Isadora Barbosa Lima,isabelakalidossame@gmail.com,(00) 00000-0000,NX-041043-26,RCPT-073043,FedEx Demo,DEMO00002901,true,2026-01-29 00:00:00,Delivered,2026-02-11,2026-02-15,2026-02-02,2026-02-11,2026-02-13,2026-02-14,2026-02-15,USA,Curitiba - PR,2026-09-04 09:00:00,,,2026-02-15T00:00:00+00:00 | Delivered | Customer destination | Synthetic delivery confirmation. / 2026-02-14T00:00:00+00:00 | Out for Delivery | Distribution center | Synthetic distribution-center dispatch. / 2026-02-11T00:00:00+00:00 | In Transit | Destination hub | Synthetic arrival at destination hub. / 2026-02-04T00:00:00+00:00 | In Transit | Origin hub | Synthetic international dispatch. / 2026-02-02T00:00:00+00:00 | Preparing | Warehouse | Synthetic warehouse receipt.,000.000.000-00,2026-02-02,2026-02-11
2026-01-25,222-895,ZENITH HOME ASPIRADOR ROBÔ INTELIGENTE COM MAPEAMENTO E BASE CARREGADORA,B0B6GPPS78,Amazon,USA,900000696,AKDN-80024,2,223.8,45.86,Delivered,Elisa Barbosa Lima,isabelakalidossame@gmail.com,(00) 00000-0000,NX-041039-26,RCPT-073039,UPS Demo,DEMO00002501,true,2026-01-25 00:00:00,Delivered,2026-02-11,2026-02-14,2026-02-02,2026-02-11,2026-02-12,2026-02-13,2026-02-14,USA,Brasília - DF,2026-09-04 09:00:00,,,2026-02-14T00:00:00+00:00 | Delivered | Customer destination | Synthetic delivery confirmation. / 2026-02-13T00:00:00+00:00 | Out for Delivery | Distribution center | Synthetic distribution-center dispatch. / 2026-02-11T00:00:00+00:00 | In Transit | Destination hub | Synthetic arrival at destination hub. / 2026-02-03T00:00:00+00:00 | In Transit | Origin hub | Synthetic international dispatch. / 2026-02-02T00:00:00+00:00 | Preparing | Warehouse | Synthetic warehouse receipt.,000.000.000-00,2026-01-30,2026-02-08
2026-02-09,223-201,NOVAWAVE FONE DE OUVIDO SEM FIO COM CANCELAMENTO DE RUÍDO E ESTOJO,B0ZTSZT3J3,Amazon,USA,900001218,AKDN-80042,2,267.49,59.18,Cancelled,Camila Cardoso Freitas,isabelakalidossame@gmail.com,(00) 00000-0000,,,,,false,,Cancelled,,,,,,,,USA,Goiânia - GO,2026-09-04 09:00:00,Cancelled by demo store,2026-02-12 00:00:00,,000.000.000-00,,
2026-02-08,223-184,MOTION LABS CÂMERA DE AÇÃO 4K COM ESTABILIZAÇÃO E ACESSÓRIOS,B0XU6RBQ5U,Target,USA,900001189,AKDN-80041,1,128.57,29.22,Cancelled,Bruno Cardoso Freitas,isabelakalidossame@gmail.com,(00) 00000-0000,,,,,false,,Cancelled,,,,,,,,USA,Salvador - BA,2026-09-04 09:00:00,Cancelled by demo customer,2026-02-10 00:00:00,,000.000.000-00,,
2026-02-07,223-167,VISTA DIGITAL MONITOR LED 24 POLEGADAS FULL HD COM AJUSTE DE INCLINAÇÃO,B0WUJJTDQM,eBay,USA,900001160,AKDN-80040,1,147.71,28.85,Cancelled,Ana Clara Cardoso Freitas,isabelakalidossame@gmail.com,(00) 00000-0000,,,,,false,,Cancelled,,,,,,,,USA,Porto Alegre - RS,2026-09-04 09:00:00,Cancelled by demo store,2026-02-08 00:00:00,,000.000.000-00,,
2026-02-06,223-133,SOLARIS HOME FRITADEIRA ELÉTRICA SEM ÓLEO DIGITAL COM CAPACIDADE DE 4 LITROS,B0UW92SNW7,Amazon,USA,900001102,AKDN-80038,1,137.18,28.11,Pending,Vitória Barbosa Lima,isabelakalidossame@gmail.com,(00) 00000-0000,,,,,true,2026-02-08 00:00:00,Preparing,,,2026-02-09,,,,,USA,Rio de Janeiro - RJ,2026-09-04 09:00:00,,,,000.000.000-00,,
2026-02-07,223-150,ZENITH HOME ASPIRADOR ROBÔ INTELIGENTE COM MAPEAMENTO E BASE CARREGADORA,B0VVVABZBE,Walmart,USA,900001131,AKDN-80039,2,284.8,56.96,Pending,William Barbosa Lima,isabelakalidossame@gmail.com,(00) 00000-0000,,,,,true,2026-02-07 00:00:00,Preparing,,,2026-02-10,,,,,USA,Rio de Janeiro - RJ,2026-09-04 09:00:00,,,,000.000.000-00,,
2026-02-05,223-116,NOVAWAVE FONE DE OUVIDO SEM FIO COM CANCELAMENTO DE RUÍDO E ESTOJO,B0TWMTABHZ,Amazon,USA,900001073,AKDN-80037,1,132.04,27.74,Pending,Tiago Barbosa Lima,isabelakalidossame@gmail.com,(00) 00000-0000,,,,,true,2026-02-06 00:00:00,Preparing,,,2026-02-08,,,,,USA,Recife - PE,2026-09-04 09:00:00,,,,000.000.000-00,,
2026-01-16,222-674,CLOUD REST TRAVESSEIRO VISCOELÁSTICO ORTOPÉDICO COM CAPA LAVÁVEL - ITEM 1,B0UEAK49VF,Amazon,USA,900000377,AKDN-80013,2,181.2,36.24,Shipped,Otávio Almeida Campos,isabelakalidossame@gmail.com,(00) 00000-0000,NX-041026-26,RCPT-073026,FedEx Demo,DEMO00001401,true,2026-01-17 00:00:00,At Distribution Center,2026-02-05,,2026-01-27,2026-02-05,,2026-01-29,,USA,São Paulo - SP,2026-09-04 09:00:00,,,2026-02-05T00:00:00+00:00 | In Transit | Destination hub | Synthetic arrival at destination hub. / 2026-01-29T00:00:00+00:00 | In Transit | Origin hub | Synthetic international dispatch. / 2026-01-27T00:00:00+00:00 | Preparing | Warehouse | Synthetic warehouse receipt.,000.000.000-00,2026-01-21,
2026-01-16,222-691,LUMINA HOME LUMINÁRIA DE MESA LED ARTICULADA COM CONTROLE DE INTENSIDADE - ITEM 2,B0VEWTLLAN,Amazon,USA,900000377,AKDN-80013,1,94.67,18.49,Shipped,Otávio Almeida Campos,isabelakalidossame@gmail.com,(00) 00000-0000,NX-041027-26,RCPT-073027,FedEx Demo,DEMO00001402,true,2026-01-17 00:00:00,In Transit,2026-02-06,,2026-01-28,2026-02-06,,,,USA,São Paulo - SP,2026-09-04 09:00:00,,,2026-02-06T00:00:00+00:00 | In Transit | Destination hub | Synthetic arrival at destination hub. / 2026-01-30T00:00:00+00:00 | In Transit | Origin hub | Synthetic international dispatch. / 2026-01-28T00:00:00+00:00 | Preparing | Warehouse | Synthetic warehouse receipt.,000.000.000-00,2026-01-21,
2026-01-13,222-572,NEXUS TECH DOCK STATION USB-C COM HDMI LEITOR DE CARTÃO E REDE GIGABIT - ITEM 1,B0MJJ526E6,eBay,USA,900000290,AKDN-80010,2,162.82,31.8,Delivered,Larissa Almeida Campos,isabelakalidossame@gmail.com,(00) 00000-0000,NX-041020-26,RCPT-073020,FedEx Demo,DEMO00001101,true,2026-01-14 00:00:00,Delivered,2026-01-27,2026-02-02,2026-01-21,2026-01-27,2026-01-29,2026-01-30,2026-02-02,USA,Brasília - DF,2026-09-04 09:00:00,,,2026-02-02T00:00:00+00:00 | Delivered | Customer destination | Synthetic delivery confirmation. / 2026-01-30T00:00:00+00:00 | Out for Delivery | Distribution center | Synthetic distribution-center dispatch. / 2026-01-27T00:00:00+00:00 | In Transit | Destination hub | Synthetic arrival at destination hub. / 2026-01-23T00:00:00+00:00 | In Transit | Origin hub | Synthetic international dispatch. / 2026-01-21T00:00:00+00:00 | Preparing | Warehouse | Synthetic warehouse receipt.,000.000.000-00,2026-01-18,2026-01-27
2026-01-13,222-589,ZENITH HOME ASPIRADOR ROBÔ INTELIGENTE COM MAPEAMENTO E BASE CARREGADORA - ITEM 2,B0NJ6DKHTD,eBay,USA,900000290,AKDN-80010,1,71.59,16.27,Delivered,Larissa Almeida Campos,isabelakalidossame@gmail.com,(00) 00000-0000,NX-041021-26,RCPT-073021,FedEx Demo,DEMO00001102,true,2026-01-14 00:00:00,Delivered,2026-01-28,2026-02-03,2026-01-22,2026-01-28,2026-01-30,2026-01-31,2026-02-03,USA,Brasília - DF,2026-09-04 09:00:00,,,2026-02-03T00:00:00+00:00 | Delivered | Customer destination | Synthetic delivery confirmation. / 2026-01-31T00:00:00+00:00 | Out for Delivery | Distribution center | Synthetic distribution-center dispatch. / 2026-01-28T00:00:00+00:00 | In Transit | Destination hub | Synthetic arrival at destination hub. / 2026-01-24T00:00:00+00:00 | In Transit | Origin hub | Synthetic international dispatch. / 2026-01-22T00:00:00+00:00 | Preparing | Warehouse | Synthetic warehouse receipt.,000.000.000-00,2026-01-18,2026-01-27
2026-01-12,222-538,CLOUD REST TRAVESSEIRO VISCOELÁSTICO ORTOPÉDICO COM CAPA LAVÁVEL - ITEM 1,B0KL9N2GLQ,Walmart,USA,900000261,AKDN-80009,2,147.96,30.32,Delivered,João Miguel Almeida Campos,isabelakalidossame@gmail.com,(00) 00000-0000,NX-041018-26,RCPT-073018,UPS Demo,DEMO00001001,true,2026-01-12 00:00:00,Delivered,2026-01-28,2026-02-02,2026-01-19,2026-01-28,2026-01-29,2026-01-31,2026-02-02,USA,Recife - PE,2026-09-04 09:00:00,,,2026-02-02T00:00:00+00:00 | Delivered | Customer destination | Synthetic delivery confirmation. / 2026-01-31T00:00:00+00:00 | Out for Delivery | Distribution center | Synthetic distribution-center dispatch. / 2026-01-28T00:00:00+00:00 | In Transit | Destination hub | Synthetic arrival at destination hub. / 2026-01-20T00:00:00+00:00 | In Transit | Origin hub | Synthetic international dispatch. / 2026-01-19T00:00:00+00:00 | Preparing | Warehouse | Synthetic warehouse receipt.,000.000.000-00,2026-01-17,2026-01-26
2026-01-12,222-555,LUMINA HOME LUMINÁRIA DE MESA LED ARTICULADA COM CONTROLE DE INTENSIDADE - ITEM 2,B0LKWWJTZX,Walmart,USA,900000261,AKDN-80009,1,77.65,15.53,Delivered,João Miguel Almeida Campos,isabelakalidossame@gmail.com,(00) 00000-0000,NX-041019-26,RCPT-073019,UPS Demo,DEMO00001002,true,2026-01-12 00:00:00,Delivered,2026-01-29,2026-02-03,2026-01-20,2026-01-29,2026-01-30,2026-02-01,2026-02-03,USA,Recife - PE,2026-09-04 09:00:00,,,2026-02-03T00:00:00+00:00 | Delivered | Customer destination | Synthetic delivery confirmation. / 2026-02-01T00:00:00+00:00 | Out for Delivery | Distribution center | Synthetic distribution-center dispatch. / 2026-01-29T00:00:00+00:00 | In Transit | Destination hub | Synthetic arrival at destination hub. / 2026-01-21T00:00:00+00:00 | In Transit | Origin hub | Synthetic international dispatch. / 2026-01-20T00:00:00+00:00 | Preparing | Warehouse | Synthetic warehouse receipt.,000.000.000-00,2026-01-17,2026-01-26
2026-01-09,222-402,CLOUD REST TRAVESSEIRO VISCOELÁSTICO ORTOPÉDICO COM CAPA LAVÁVEL - ITEM 1,B09R9RYPB2,Target,USA,900000145,AKDN-80005,2,116.14,24.4,Delivered,Felipe Almeida Campos,isabelakalidossame@gmail.com,(00) 00000-0000,NX-041010-26,RCPT-073010,Global Parcel Demo,DEMO00000601,true,2026-01-11 00:00:00,Delivered,2026-01-26,2026-02-02,2026-01-19,2026-01-26,2026-01-29,2026-01-31,2026-02-02,USA,Porto Alegre - RS,2026-09-04 09:00:00,,,2026-02-02T00:00:00+00:00 | Delivered | Customer destination | Synthetic delivery confirmation. / 2026-01-31T00:00:00+00:00 | Out for Delivery | Distribution center | Synthetic distribution-center dispatch. / 2026-01-26T00:00:00+00:00 | In Transit | Destination hub | Synthetic arrival at destination hub. / 2026-01-22T00:00:00+00:00 | In Transit | Origin hub | Synthetic international dispatch. / 2026-01-19T00:00:00+00:00 | Preparing | Warehouse | Synthetic warehouse receipt.,000.000.000-00,2026-01-14,2026-01-23
2026-01-09,222-419,LUMINA HOME LUMINÁRIA DE MESA LED ARTICULADA COM CONTROLE DE INTENSIDADE - ITEM 2,B0AQVYG2Q9,Target,USA,900000145,AKDN-80005,1,61.34,12.57,Delivered,Felipe Almeida Campos,isabelakalidossame@gmail.com,(00) 00000-0000,NX-041011-26,RCPT-073011,Global Parcel Demo,DEMO00000602,true,2026-01-11 00:00:00,Delivered,2026-01-27,2026-02-03,2026-01-20,2026-01-27,2026-01-30,2026-02-01,2026-02-03,USA,Porto Alegre - RS,2026-09-04 09:00:00,,,2026-02-03T00:00:00+00:00 | Delivered | Customer destination | Synthetic delivery confirmation. / 2026-02-01T00:00:00+00:00 | Out for Delivery | Distribution center | Synthetic distribution-center dispatch. / 2026-01-27T00:00:00+00:00 | In Transit | Destination hub | Synthetic arrival at destination hub. / 2026-01-23T00:00:00+00:00 | In Transit | Origin hub | Synthetic international dispatch. / 2026-01-20T00:00:00+00:00 | Preparing | Warehouse | Synthetic warehouse receipt.,000.000.000-00,2026-01-14,2026-01-23
2026-01-16,222-708,NEXUS TECH DOCK STATION USB-C COM HDMI LEITOR DE CARTÃO E REDE GIGABIT - ITEM 1,B0XDK34XPV,Amazon,USA,900000406,AKDN-80014,2,165.97,37.72,Shipped,Paula Almeida Campos,isabelakalidossame@gmail.com,(00) 00000-0000,NX-041028-26,RCPT-073028,Global Parcel Demo,DEMO00001501,true,2026-01-18 00:00:00,At Distribution Center,2026-02-01,,2026-01-21,2026-02-01,,2026-01-29,,USA,Goiânia - GO,2026-09-04 09:00:00,,,2026-02-01T00:00:00+00:00 | In Transit | Destination hub | Synthetic arrival at destination hub. / 2026-01-24T00:00:00+00:00 | In Transit | Origin hub | Synthetic international dispatch. / 2026-01-21T00:00:00+00:00 | Preparing | Warehouse | Synthetic warehouse receipt.,000.000.000-00,2026-01-21,
2026-01-16,222-725,ZENITH HOME ASPIRADOR ROBÔ INTELIGENTE COM MAPEAMENTO E BASE CARREGADORA - ITEM 2,B0YD7AMB44,Amazon,USA,900000406,AKDN-80014,1,86.92,19.23,Shipped,Paula Almeida Campos,isabelakalidossame@gmail.com,(00) 00000-0000,NX-041029-26,RCPT-073029,Global Parcel Demo,DEMO00001502,true,2026-01-18 00:00:00,At Distribution Center,2026-02-02,,2026-01-22,2026-02-02,,2026-01-29,,USA,Goiânia - GO,2026-09-04 09:00:00,,,2026-02-02T00:00:00+00:00 | In Transit | Destination hub | Synthetic arrival at destination hub. / 2026-01-25T00:00:00+00:00 | In Transit | Origin hub | Synthetic international dispatch. / 2026-01-22T00:00:00+00:00 | Preparing | Warehouse | Synthetic warehouse receipt.,000.000.000-00,2026-01-21,
2026-01-15,222-640,NOVAMARK MARCADOR DE TEXTO COLORIDO PONTA CHANFRADA KIT COM 12 CORES - ITEM 1,B0SG243K2Z,Amazon,USA,900000348,AKDN-80012,2,165.46,34.76,Shipped,Natália Almeida Campos,isabelakalidossame@gmail.com,(00) 00000-0000,NX-041024-26,RCPT-073024,UPS Demo,DEMO00001301,true,2026-01-15 00:00:00,Out for Delivery,2026-02-01,,2026-01-25,2026-02-01,,,,USA,Curitiba - PR,2026-09-04 09:00:00,,,2026-02-01T00:00:00+00:00 | In Transit | Destination hub | Synthetic arrival at destination hub. / 2026-01-26T00:00:00+00:00 | In Transit | Origin hub | Synthetic international dispatch. / 2026-01-25T00:00:00+00:00 | Preparing | Warehouse | Synthetic warehouse receipt.,000.000.000-00,2026-01-20,2026-01-29
2026-01-15,222-657,PULSE AUDIO CAIXA DE SOM BLUETOOTH PORTÁTIL RESISTENTE À ÁGUA - ITEM 2,B0TFNCLWF8,Amazon,USA,900000348,AKDN-80012,1,86.62,17.75,Shipped,Natália Almeida Campos,isabelakalidossame@gmail.com,(00) 00000-0000,NX-041025-26,RCPT-073025,UPS Demo,DEMO00001302,true,2026-01-15 00:00:00,At Distribution Center,2026-02-02,,2026-01-26,2026-02-02,,2026-01-28,,USA,Curitiba - PR,2026-09-04 09:00:00,,,2026-02-02T00:00:00+00:00 | In Transit | Destination hub | Synthetic arrival at destination hub. / 2026-01-27T00:00:00+00:00 | In Transit | Origin hub | Synthetic international dispatch. / 2026-01-26T00:00:00+00:00 | Preparing | Warehouse | Synthetic warehouse receipt.,000.000.000-00,2026-01-20,
2026-01-11,222-504,NOVAMARK MARCADOR DE TEXTO COLORIDO PONTA CHANFRADA KIT COM 12 CORES - ITEM 1,B0GMZ7ZSSB,Amazon,USA,900000232,AKDN-80008,2,133.82,28.84,Delivered,Isadora Almeida Campos,isabelakalidossame@gmail.com,(00) 00000-0000,NX-041016-26,RCPT-073016,Global Parcel Demo,DEMO00000901,true,2026-01-13 00:00:00,Delivered,2026-01-27,2026-02-01,2026-01-17,2026-01-27,2026-01-30,2026-01-31,2026-02-01,USA,Recife - PE,2026-09-04 09:00:00,,,2026-02-01T00:00:00+00:00 | Delivered | Customer destination | Synthetic delivery confirmation. / 2026-01-31T00:00:00+00:00 | Out for Delivery | Distribution center | Synthetic distribution-center dispatch. / 2026-01-27T00:00:00+00:00 | In Transit | Destination hub | Synthetic arrival at destination hub. / 2026-01-20T00:00:00+00:00 | In Transit | Origin hub | Synthetic international dispatch. / 2026-01-17T00:00:00+00:00 | Preparing | Warehouse | Synthetic warehouse receipt.,000.000.000-00,2026-01-16,2026-01-25
2026-01-11,222-521,PULSE AUDIO CAIXA DE SOM BLUETOOTH PORTÁTIL RESISTENTE À ÁGUA - ITEM 2,B0JLMEJ57J,Amazon,USA,900000232,AKDN-80008,1,70.4,14.79,Delivered,Isadora Almeida Campos,isabelakalidossame@gmail.com,(00) 00000-0000,NX-041017-26,RCPT-073017,Global Parcel Demo,DEMO00000902,true,2026-01-13 00:00:00,Delivered,2026-01-28,2026-02-02,2026-01-18,2026-01-28,2026-01-31,2026-02-01,2026-02-02,USA,Recife - PE,2026-09-04 09:00:00,,,2026-02-02T00:00:00+00:00 | Delivered | Customer destination | Synthetic delivery confirmation. / 2026-02-01T00:00:00+00:00 | Out for Delivery | Distribution center | Synthetic distribution-center dispatch. / 2026-01-28T00:00:00+00:00 | In Transit | Destination hub | Synthetic arrival at destination hub. / 2026-01-21T00:00:00+00:00 | In Transit | Origin hub | Synthetic international dispatch. / 2026-01-18T00:00:00+00:00 | Preparing | Warehouse | Synthetic warehouse receipt.,000.000.000-00,2026-01-16,2026-01-25
2026-01-10,222-436,NEXUS TECH DOCK STATION USB-C COM HDMI LEITOR DE CARTÃO E REDE GIGABIT - ITEM 1,B0CPH8YD5G,Amazon,USA,900000174,AKDN-80006,2,129.4,25.88,Delivered,Gabriela Almeida Campos,isabelakalidossame@gmail.com,(00) 00000-0000,NX-041012-26,RCPT-073012,UPS Demo,DEMO00000701,true,2026-01-10 00:00:00,Delivered,2026-01-27,2026-02-01,2026-01-21,2026-01-27,2026-01-28,2026-01-29,2026-02-01,USA,Curitiba - PR,2026-09-04 09:00:00,,,2026-02-01T00:00:00+00:00 | Delivered | Customer destination | Synthetic delivery confirmation. / 2026-01-29T00:00:00+00:00 | Out for Delivery | Distribution center | Synthetic distribution-center dispatch. / 2026-01-27T00:00:00+00:00 | In Transit | Destination hub | Synthetic arrival at destination hub. / 2026-01-22T00:00:00+00:00 | In Transit | Origin hub | Synthetic international dispatch. / 2026-01-21T00:00:00+00:00 | Preparing | Warehouse | Synthetic warehouse receipt.,000.000.000-00,2026-01-15,2026-01-24
2026-01-10,222-453,ZENITH HOME ASPIRADOR ROBÔ INTELIGENTE COM MAPEAMENTO E BASE CARREGADORA - ITEM 2,B0DP5GHQJN,Amazon,USA,900000174,AKDN-80006,1,68.15,13.31,Delivered,Gabriela Almeida Campos,isabelakalidossame@gmail.com,(00) 00000-0000,NX-041013-26,RCPT-073013,UPS Demo,DEMO00000702,true,2026-01-10 00:00:00,Delivered,2026-01-28,2026-02-02,2026-01-22,2026-01-28,2026-01-29,2026-01-30,2026-02-02,USA,Curitiba - PR,2026-09-04 09:00:00,,,2026-02-02T00:00:00+00:00 | Delivered | Customer destination | Synthetic delivery confirmation. / 2026-01-30T00:00:00+00:00 | Out for Delivery | Distribution center | Synthetic distribution-center dispatch. / 2026-01-28T00:00:00+00:00 | In Transit | Destination hub | Synthetic arrival at destination hub. / 2026-01-23T00:00:00+00:00 | In Transit | Origin hub | Synthetic international dispatch. / 2026-01-22T00:00:00+00:00 | Preparing | Warehouse | Synthetic warehouse receipt.,000.000.000-00,2026-01-15,2026-01-24
2026-01-14,222-606,VISTA DIGITAL MONITOR LED 24 POLEGADAS FULL HD COM AJUSTE DE INCLINAÇÃO - ITEM 1,B0PHSM3U8L,Target,USA,900000319,AKDN-80011,2,150.43,33.28,Shipped,Mateus Almeida Campos,isabelakalidossame@gmail.com,(00) 00000-0000,NX-041022-26,RCPT-073022,Global Parcel Demo,DEMO00001201,true,2026-01-16 00:00:00,In Transit,2026-01-31,,2026-01-23,2026-01-31,,,,USA,Belo Horizonte - MG,2026-09-04 09:00:00,,,2026-01-31T00:00:00+00:00 | In Transit | Destination hub | Synthetic arrival at destination hub. / 2026-01-26T00:00:00+00:00 | In Transit | Origin hub | Synthetic international dispatch. / 2026-01-23T00:00:00+00:00 | Preparing | Warehouse | Synthetic warehouse receipt.,000.000.000-00,2026-01-19,
2026-01-14,222-623,PIXELKEY TECLADO SEM FIO COMPACTO COM TECLAS SILENCIOSAS - ITEM 2,B0RGEUK8MT,Target,USA,900000319,AKDN-80011,1,78.93,17.01,Shipped,Mateus Almeida Campos,isabelakalidossame@gmail.com,(00) 00000-0000,NX-041023-26,RCPT-073023,Global Parcel Demo,DEMO00001202,true,2026-01-16 00:00:00,At Distribution Center,2026-02-01,,2026-01-24,2026-02-01,,2026-01-27,,USA,Belo Horizonte - MG,2026-09-04 09:00:00,,,2026-02-01T00:00:00+00:00 | In Transit | Destination hub | Synthetic arrival at destination hub. / 2026-01-27T00:00:00+00:00 | In Transit | Origin hub | Synthetic international dispatch. / 2026-01-24T00:00:00+00:00 | Preparing | Warehouse | Synthetic warehouse receipt.,000.000.000-00,2026-01-19,
2026-01-10,222-470,VISTA DIGITAL MONITOR LED 24 POLEGADAS FULL HD COM AJUSTE DE INCLINAÇÃO - ITEM 1,B0ENRPZ3XV,Amazon,USA,900000203,AKDN-80007,2,120.38,27.36,Delivered,Heitor Almeida Campos,isabelakalidossame@gmail.com,(00) 00000-0000,NX-041014-26,RCPT-073014,FedEx Demo,DEMO00000801,true,2026-01-11 00:00:00,Delivered,2026-01-23,2026-01-31,2026-01-15,2026-01-23,2026-01-25,2026-01-27,2026-01-31,USA,Belo Horizonte - MG,2026-09-04 09:00:00,,,2026-01-31T00:00:00+00:00 | Delivered | Customer destination | Synthetic delivery confirmation. / 2026-01-27T00:00:00+00:00 | Out for Delivery | Distribution center | Synthetic distribution-center dispatch. / 2026-01-23T00:00:00+00:00 | In Transit | Destination hub | Synthetic arrival at destination hub. / 2026-01-17T00:00:00+00:00 | In Transit | Origin hub | Synthetic international dispatch. / 2026-01-15T00:00:00+00:00 | Preparing | Warehouse | Synthetic warehouse receipt.,000.000.000-00,2026-01-15,2026-01-24
2026-01-10,222-487,PIXELKEY TECLADO SEM FIO COMPACTO COM TECLAS SILENCIOSAS - ITEM 2,B0FMDXHEC4,Amazon,USA,900000203,AKDN-80007,1,63.51,14.05,Delivered,Heitor Almeida Campos,isabelakalidossame@gmail.com,(00) 00000-0000,NX-041015-26,RCPT-073015,FedEx Demo,DEMO00000802,true,2026-01-11 00:00:00,Delivered,2026-01-24,2026-02-01,2026-01-16,2026-01-24,2026-01-26,2026-01-28,2026-02-01,USA,Belo Horizonte - MG,2026-09-04 09:00:00,,,2026-02-01T00:00:00+00:00 | Delivered | Customer destination | Synthetic delivery confirmation. / 2026-01-28T00:00:00+00:00 | Out for Delivery | Distribution center | Synthetic distribution-center dispatch. / 2026-01-24T00:00:00+00:00 | In Transit | Destination hub | Synthetic arrival at destination hub. / 2026-01-18T00:00:00+00:00 | In Transit | Origin hub | Synthetic international dispatch. / 2026-01-16T00:00:00+00:00 | Preparing | Warehouse | Synthetic warehouse receipt.,000.000.000-00,2026-01-15,2026-01-24
2026-01-08,222-368,NOVAMARK MARCADOR DE TEXTO COLORIDO PONTA CHANFRADA KIT COM 12 CORES - ITEM 1,B07SY9YYHL,eBay,USA,900000116,AKDN-80004,2,103.6,22.92,Delivered,Elisa Almeida Campos,isabelakalidossame@gmail.com,(00) 00000-0000,NX-041008-26,RCPT-073008,FedEx Demo,DEMO00000501,true,2026-01-09 00:00:00,Delivered,2026-01-27,2026-01-31,2026-01-17,2026-01-27,2026-01-29,2026-01-30,2026-01-31,USA,Belo Horizonte - MG,2026-09-04 09:00:00,,,2026-01-31T00:00:00+00:00 | Delivered | Customer destination | Synthetic delivery confirmation. / 2026-01-30T00:00:00+00:00 | Out for Delivery | Distribution center | Synthetic distribution-center dispatch. / 2026-01-27T00:00:00+00:00 | In Transit | Destination hub | Synthetic arrival at destination hub. / 2026-01-19T00:00:00+00:00 | In Transit | Origin hub | Synthetic international dispatch. / 2026-01-17T00:00:00+00:00 | Preparing | Warehouse | Synthetic warehouse receipt.,000.000.000-00,2026-01-13,2026-01-22
2026-01-08,222-385,PULSE AUDIO CAIXA DE SOM BLUETOOTH PORTÁTIL RESISTENTE À ÁGUA - ITEM 2,B08RLHGBWT,eBay,USA,900000116,AKDN-80004,1,54.89,11.83,Delivered,Elisa Almeida Campos,isabelakalidossame@gmail.com,(00) 00000-0000,NX-041009-26,RCPT-073009,FedEx Demo,DEMO00000502,true,2026-01-09 00:00:00,Delivered,2026-01-28,2026-02-01,2026-01-18,2026-01-28,2026-01-30,2026-01-31,2026-02-01,USA,Belo Horizonte - MG,2026-09-04 09:00:00,,,2026-02-01T00:00:00+00:00 | Delivered | Customer destination | Synthetic delivery confirmation. / 2026-01-31T00:00:00+00:00 | Out for Delivery | Distribution center | Synthetic distribution-center dispatch. / 2026-01-28T00:00:00+00:00 | In Transit | Destination hub | Synthetic arrival at destination hub. / 2026-01-20T00:00:00+00:00 | In Transit | Origin hub | Synthetic international dispatch. / 2026-01-18T00:00:00+00:00 | Preparing | Warehouse | Synthetic warehouse receipt.,000.000.000-00,2026-01-13,2026-01-22
2026-01-07,222-334,VISTA DIGITAL MONITOR LED 24 POLEGADAS FULL HD COM AJUSTE DE INCLINAÇÃO - ITEM 1,B05TQSXAP7,Walmart,USA,900000087,AKDN-80003,2,109.77,21.44,Delivered,Daniel Almeida Campos,isabelakalidossame@gmail.com,(00) 00000-0000,NX-041006-26,RCPT-073006,UPS Demo,DEMO00000401,true,2026-01-07 00:00:00,Delivered,2026-01-23,2026-01-30,2026-01-15,2026-01-23,2026-01-24,2026-01-26,2026-01-30,USA,Belo Horizonte - MG,2026-09-04 09:00:00,,,2026-01-30T00:00:00+00:00 | Delivered | Customer destination | Synthetic delivery confirmation. / 2026-01-26T00:00:00+00:00 | Out for Delivery | Distribution center | Synthetic distribution-center dispatch. / 2026-01-23T00:00:00+00:00 | In Transit | Destination hub | Synthetic arrival at destination hub. / 2026-01-16T00:00:00+00:00 | In Transit | Origin hub | Synthetic international dispatch. / 2026-01-15T00:00:00+00:00 | Preparing | Warehouse | Synthetic warehouse receipt.,000.000.000-00,2026-01-12,2026-01-21
2026-01-07,222-351,PIXELKEY TECLADO SEM FIO COMPACTO COM TECLAS SILENCIOSAS - ITEM 2,B06SC2FM4D,Walmart,USA,900000087,AKDN-80003,1,48.8,11.09,Delivered,Daniel Almeida Campos,isabelakalidossame@gmail.com,(00) 00000-0000,NX-041007-26,RCPT-073007,UPS Demo,DEMO00000402,true,2026-01-07 00:00:00,Delivered,2026-01-24,2026-01-31,2026-01-16,2026-01-24,2026-01-25,2026-01-27,2026-01-31,USA,Belo Horizonte - MG,2026-09-04 09:00:00,,,2026-01-31T00:00:00+00:00 | Delivered | Customer destination | Synthetic delivery confirmation. / 2026-01-27T00:00:00+00:00 | Out for Delivery | Distribution center | Synthetic distribution-center dispatch. / 2026-01-24T00:00:00+00:00 | In Transit | Destination hub | Synthetic arrival at destination hub. / 2026-01-17T00:00:00+00:00 | In Transit | Origin hub | Synthetic international dispatch. / 2026-01-16T00:00:00+00:00 | Preparing | Warehouse | Synthetic warehouse receipt.,000.000.000-00,2026-01-12,2026-01-21
2026-01-23,222-861,NOVAWAVE FONE DE OUVIDO SEM FIO COM CANCELAMENTO DE RUÍDO E ESTOJO,B09888P4DS,eBay,USA,900000638,AKDN-80022,1,102.96,22.19,Cancelled,Camila Barbosa Lima,isabelakalidossame@gmail.com,(00) 00000-0000,,,,,false,,Cancelled,,,,,,,,USA,Rio de Janeiro - RJ,2026-09-04 09:00:00,Cancelled by demo store,2026-01-26 00:00:00,,000.000.000-00,,
2026-01-22,222-844,MOTION LABS CÂMERA DE AÇÃO 4K COM ESTABILIZAÇÃO E ACESSÓRIOS,B088KY6RXK,Walmart,USA,900000609,AKDN-80021,2,197.25,43.64,Cancelled,Bruno Barbosa Lima,isabelakalidossame@gmail.com,(00) 00000-0000,,,,,false,,Cancelled,,,,,,,,USA,Belo Horizonte - MG,2026-09-04 09:00:00,Cancelled by demo customer,2026-01-24 00:00:00,,000.000.000-00,,
2026-01-21,222-827,VISTA DIGITAL MONITOR LED 24 POLEGADAS FULL HD COM AJUSTE DE INCLINAÇÃO,B079XQNDJD,Amazon,USA,900000580,AKDN-80020,1,94.38,21.45,Cancelled,Ana Clara Barbosa Lima,isabelakalidossame@gmail.com,(00) 00000-0000,,,,,false,,Cancelled,,,,,,,,USA,Curitiba - PR,2026-09-04 09:00:00,Cancelled by demo store,2026-01-22 00:00:00,,000.000.000-00,,
2026-01-21,222-810,ZENITH HOME ASPIRADOR ROBÔ INTELIGENTE COM MAPEAMENTO E BASE CARREGADORA,B069BH6256,Amazon,USA,900000551,AKDN-80019,1,107.93,21.08,Pending,William Almeida Campos,isabelakalidossame@gmail.com,(00) 00000-0000,,,,,true,2026-01-22 00:00:00,Preparing,,,2026-01-24,,,,,USA,Belo Horizonte - MG,2026-09-04 09:00:00,,,,000.000.000-00,,
2026-01-19,222-776,NOVAWAVE FONE DE OUVIDO SEM FIO COM CANCELAMENTO DE RUÍDO E ESTOJO,B03B3Z5CBQ,Target,USA,900000493,AKDN-80017,1,99.26,20.34,Pending,Tiago Almeida Campos,isabelakalidossame@gmail.com,(00) 00000-0000,,,,,true,2026-01-21 00:00:00,Preparing,,,2026-01-22,,,,,USA,Curitiba - PR,2026-09-04 09:00:00,,,,000.000.000-00,,
2026-01-20,222-793,SOLARIS HOME FRITADEIRA ELÉTRICA SEM ÓLEO DIGITAL COM CAPACIDADE DE 4 LITROS,B04AP9NPQX,Amazon,USA,900000522,AKDN-80018,2,207.1,41.42,Pending,Vitória Almeida Campos,isabelakalidossame@gmail.com,(00) 00000-0000,,,,,true,2026-01-20 00:00:00,Preparing,,,2026-01-23,,,,,USA,Salvador - BA,2026-09-04 09:00:00,,,,000.000.000-00,,
2026-01-06,222-300,NEXUS TECH DOCK STATION USB-C COM HDMI LEITOR DE CARTÃO E REDE GIGABIT - ITEM 1,B02UGBXLUR,Amazon,USA,900000058,AKDN-80002,2,97.4,19.96,Cancelled,Camila Almeida Campos,isabelakalidossame@gmail.com,(00) 00000-0000,,,,,false,,Cancelled,,,,,,,,USA,Salvador - BA,2026-09-04 09:00:00,Cancelled by demo store,2026-01-09 00:00:00,,000.000.000-00,,
2026-01-06,222-317,ZENITH HOME ASPIRADOR ROBÔ INTELIGENTE COM MAPEAMENTO E BASE CARREGADORA - ITEM 2,B03U4JFXAY,Amazon,USA,900000058,AKDN-80002,1,51.75,10.35,Cancelled,Camila Almeida Campos,isabelakalidossame@gmail.com,(00) 00000-0000,,,,,false,,Cancelled,,,,,,,,USA,Salvador - BA,2026-09-04 09:00:00,Cancelled by demo store,2026-01-09 00:00:00,,000.000.000-00,,
2026-01-05,222-266,CLOUD REST TRAVESSEIRO VISCOELÁSTICO ORTOPÉDICO COM CAPA LAVÁVEL - ITEM 1,B0YW8TWV2B,Amazon,USA,900000029,AKDN-80001,2,85.75,18.48,Cancelled,Bruno Almeida Campos,isabelakalidossame@gmail.com,(00) 00000-0000,,,,,false,,Cancelled,,,,,,,,USA,Manaus - AM,2026-09-04 09:00:00,Cancelled by demo customer,2026-01-07 00:00:00,,000.000.000-00,,
2026-01-05,222-283,LUMINA HOME LUMINÁRIA DE MESA LED ARTICULADA COM CONTROLE DE INTENSIDADE - ITEM 2,B0ZVU3E9FJ,Amazon,USA,900000029,AKDN-80001,1,45.74,9.61,Cancelled,Bruno Almeida Campos,isabelakalidossame@gmail.com,(00) 00000-0000,,,,,false,,Cancelled,,,,,,,,USA,Manaus - AM,2026-09-04 09:00:00,Cancelled by demo customer,2026-01-07 00:00:00,,000.000.000-00,,
2026-01-05,222-232,NOVAMARK MARCADOR DE TEXTO COLORIDO PONTA CHANFRADA KIT COM 12 CORES - ITEM 1,B0WXXCW78W,Amazon,USA,900000000,AKDN-80000,2,74.8,17,Cancelled,Ana Clara Almeida Campos,isabelakalidossame@gmail.com,(00) 00000-0000,,,,,false,,Cancelled,,,,,,,,USA,Fortaleza - CE,2026-09-04 09:00:00,Cancelled by demo store,2026-01-06 00:00:00,,000.000.000-00,,
2026-01-05,222-249,PULSE AUDIO CAIXA DE SOM BLUETOOTH PORTÁTIL RESISTENTE À ÁGUA - ITEM 2,B0XWLLEJM4,Amazon,USA,900000000,AKDN-80000,1,40.09,8.87,Cancelled,Ana Clara Almeida Campos,isabelakalidossame@gmail.com,(00) 00000-0000,,,,,false,,Cancelled,,,,,,,,USA,Fortaleza - CE,2026-09-04 09:00:00,Cancelled by demo store,2026-01-06 00:00:00,,000.000.000-00,,
